"GEO";"GEO_OBJECT";"TRANS";"AGE";"EMPSTA_ENQ";"WORK_AREA";"RP_MEASURE";"FREQ";"OBS_STATUS";TIME_PERIOD;OBS_VALUE
"243301389";"EPCI";"2";"Y_GE15";"1";"_T";"POP";"A";"";2022;201,600564
"241800374";"EPCI";"2";"Y_GE15";"1";"_T";"POP";"A";"";2022;364,143
"245400676";"EPCI";"2";"Y_GE15";"1";"_T";"POP";"A";"";2022;12811,043455
"200039832";"EPCI";"2";"Y_GE15";"1";"_T";"POP";"A";"";2022;178,206507
"200069177";"EPCI";"2";"Y_GE15";"1";"_T";"POP";"A";"";2022;408,501191
"200085751";"EPCI";"2";"Y_GE15";"1";"_T";"POP";"A";"";2022;837,506641
"244900015";"EPCI";"2";"Y_GE15";"1";"_T";"POP";"A";"";2022;9439,240842
"247000698";"EPCI";"2";"Y_GE15";"1";"_T";"POP";"A";"";2022;98,652965
"200068666";"EPCI";"2";"Y_GE15";"1";"_T";"POP";"A";"";2022;1473,692047
"200055887";"EPCI";"2";"Y_GE15";"1";"_T";"POP";"A";"";2022;868,122638
"200072650";"EPCI";"2";"Y_GE15";"1";"_T";"POP";"A";"";2022;502,210578
"200039709";"EPCI";"2";"Y_GE15";"1";"_T";"POP";"A";"";2022;147,392627
"200067197";"EPCI";"2";"Y_GE15";"1";"_T";"POP";"A";"";2022;154,595622
"200018653";"EPCI";"2";"Y_GE15";"1";"_T";"POP";"A";"";2022;1894,139409
"200065886";"EPCI";"2";"Y_GE15";"1";"_T";"POP";"A";"";2022;1903,457669
"246600548";"EPCI";"2";"Y_GE15";"1";"_T";"POP";"A";"";2022;309,911112
"200070548";"EPCI";"2";"Y_GE15";"1";"_T";"POP";"A";"";2022;317,79798
"200000925";"EPCI";"2";"Y_GE15";"1";"_T";"POP";"A";"";2022;231,141425
"200042935";"EPCI";"2";"Y_GE15";"1";"_T";"POP";"A";"";2022;1867,538145
"200070910";"EPCI";"2";"Y_GE15";"1";"_T";"POP";"A";"";2022;117,546664
"200071538";"EPCI";"2";"Y_GE15";"1";"_T";"POP";"A";"";2022;221,860908
"200071223";"EPCI";"2";"Y_GE15";"1";"_T";"POP";"A";"";2022;438,00015
"200040814";"EPCI";"2";"Y_GE15";"1";"_T";"POP";"A";"";2022;144,612869
"200067296";"EPCI";"2";"Y_GE15";"1";"_T";"POP";"A";"";2022;294,306595
"200056380";"EPCI";"2";"Y_GE15";"1";"_T";"POP";"A";"";2022;3875,006652
"200067981";"EPCI";"2";"Y_GE15";"1";"_T";"POP";"A";"";2022;1427,721193
"200068922";"EPCI";"2";"Y_GE15";"1";"_T";"POP";"A";"";2022;245,572046
"200034601";"EPCI";"2";"Y_GE15";"1";"_T";"POP";"A";"";2022;154,951186
"241500230";"EPCI";"2";"Y_GE15";"1";"_T";"POP";"A";"";2022;2665,069693
"245501259";"EPCI";"2";"Y_GE15";"1";"_T";"POP";"A";"";2022;130,587506
"243100633";"EPCI";"2";"Y_GE15";"1";"_T";"POP";"A";"";2022;1203,995168
"240100750";"EPCI";"2";"Y_GE15";"1";"_T";"POP";"A";"";2022;2351,665303
"200000933";"EPCI";"2";"Y_GE15";"1";"_T";"POP";"A";"";2022;413,428899
"200065589";"EPCI";"2";"Y_GE15";"1";"_T";"POP";"A";"";2022;203,906651
"241700624";"EPCI";"2";"Y_GE15";"1";"_T";"POP";"A";"";2022;392,29772
"242900561";"EPCI";"2";"Y_GE15";"1";"_T";"POP";"A";"";2022;264,314251
"247400773";"EPCI";"2";"Y_GE15";"1";"_T";"POP";"A";"";2022;459,832187
"242401024";"EPCI";"2";"Y_GE15";"1";"_T";"POP";"A";"";2022;341,557515
"243901089";"EPCI";"2";"Y_GE15";"1";"_T";"POP";"A";"";2022;83,155042
"240200519";"EPCI";"2";"Y_GE15";"1";"_T";"POP";"A";"";2022;87,3445
"200043321";"EPCI";"2";"Y_GE15";"1";"_T";"POP";"A";"";2022;744,372114
"200067452";"EPCI";"2";"Y_GE15";"1";"_T";"POP";"A";"";2022;438,21624
"200071389";"EPCI";"2";"Y_GE15";"1";"_T";"POP";"A";"";2022;570,465444
"200067346";"EPCI";"2";"Y_GE15";"1";"_T";"POP";"A";"";2022;774,231148
"246401756";"EPCI";"2";"Y_GE15";"1";"_T";"POP";"A";"";2022;287,043679
"246000897";"EPCI";"2";"Y_GE15";"1";"_T";"POP";"A";"";2022;258,38166
"200071165";"EPCI";"2";"Y_GE15";"1";"_T";"POP";"A";"";2022;820,316554
"240200493";"EPCI";"2";"Y_GE15";"1";"_T";"POP";"A";"";2022;583,58323
"200068781";"EPCI";"2";"Y_GE15";"1";"_T";"POP";"A";"";2022;5374,136012
"200033090";"EPCI";"2";"Y_GE15";"1";"_T";"POP";"A";"";2022;236,411157
"247800550";"EPCI";"2";"Y_GE15";"1";"_T";"POP";"A";"";2022;368,474794
"200040574";"EPCI";"2";"Y_GE15";"1";"_T";"POP";"A";"";2022;593,353017
"200067924";"EPCI";"2";"Y_GE15";"1";"_T";"POP";"A";"";2022;834,438821
"200069854";"EPCI";"2";"Y_GE15";"1";"_T";"POP";"A";"";2022;5438,813825
"245900428";"EPCI";"2";"Y_GE15";"1";"_T";"POP";"A";"";2022;4313,267301
"242000495";"EPCI";"2";"Y_GE15";"1";"_T";"POP";"A";"";2022;172,92464
"241000405";"EPCI";"2";"Y_GE15";"1";"_T";"POP";"A";"";2022;462,18754
"241000223";"EPCI";"2";"Y_GE15";"1";"_T";"POP";"A";"";2022;89,445234
"200070373";"EPCI";"2";"Y_GE15";"1";"_T";"POP";"A";"";2022;444,747021
"200068674";"EPCI";"2";"Y_GE15";"1";"_T";"POP";"A";"";2022;2024,870074
"200068088";"EPCI";"2";"Y_GE15";"1";"_T";"POP";"A";"";2022;379,625024
"200066025";"EPCI";"2";"Y_GE15";"1";"_T";"POP";"A";"";2022;414,617573
"200065894";"EPCI";"2";"Y_GE15";"1";"_T";"POP";"A";"";2022;1307,991835
"200041630";"EPCI";"2";"Y_GE15";"1";"_T";"POP";"A";"";2022;3812,053366
"247000623";"EPCI";"2";"Y_GE15";"1";"_T";"POP";"A";"";2022;229,382711
"244900882";"EPCI";"2";"Y_GE15";"1";"_T";"POP";"A";"";2022;513,477251
"200070340";"EPCI";"2";"Y_GE15";"1";"_T";"POP";"A";"";2022;728,717642
"200070555";"EPCI";"2";"Y_GE15";"1";"_T";"POP";"A";"";2022;319,435414
"200069995";"EPCI";"2";"Y_GE15";"1";"_T";"POP";"A";"";2022;504,716671
"200067205";"EPCI";"2";"Y_GE15";"1";"_T";"POP";"A";"";2022;4744,504259
"200070043";"EPCI";"2";"Y_GE15";"1";"_T";"POP";"A";"";2022;777,820318
"200070365";"EPCI";"2";"Y_GE15";"1";"_T";"POP";"A";"";2022;391,014434
"200066744";"EPCI";"2";"Y_GE15";"1";"_T";"POP";"A";"";2022;990,258907
"246800205";"EPCI";"2";"Y_GE15";"1";"_T";"POP";"A";"";2022;209,502375
"243900479";"EPCI";"2";"Y_GE15";"1";"_T";"POP";"A";"";2022;275,514191
"246800494";"EPCI";"2";"Y_GE15";"1";"_T";"POP";"A";"";2022;348,085941
"246701080";"EPCI";"2";"Y_GE15";"1";"_T";"POP";"A";"";2022;673,873759
"200069565";"EPCI";"2";"Y_GE15";"1";"_T";"POP";"A";"";2022;411,768056
"200070738";"EPCI";"2";"Y_GE15";"1";"_T";"POP";"A";"";2022;271,829045
"200070126";"EPCI";"2";"Y_GE15";"1";"_T";"POP";"A";"";2022;156,428842
"200067973";"EPCI";"2";"Y_GE15";"1";"_T";"POP";"A";"";2022;1003,055015
"243200409";"EPCI";"2";"Y_GE15";"1";"_T";"POP";"A";"";2022;170,460376
"243400520";"EPCI";"2";"Y_GE15";"1";"_T";"POP";"A";"";2022;832,988739
"200039022";"EPCI";"2";"Y_GE15";"1";"_T";"POP";"A";"";2022;1709,645677
"200067304";"EPCI";"2";"Y_GE15";"1";"_T";"POP";"A";"";2022;433,574588
"200043156";"EPCI";"2";"Y_GE15";"1";"_T";"POP";"A";"";2022;733,941574
"200072668";"EPCI";"2";"Y_GE15";"1";"_T";"POP";"A";"";2022;365,539636
"200041614";"EPCI";"2";"Y_GE15";"1";"_T";"POP";"A";"";2022;471,4913
"200068997";"EPCI";"2";"Y_GE15";"1";"_T";"POP";"A";"";2022;1794,28723
"200069052";"EPCI";"2";"Y_GE15";"1";"_T";"POP";"A";"";2022;2962,680869
"200057859";"EPCI";"2";"Y_GE15";"1";"_T";"POP";"A";"";2022;3321,58246
"247700065";"EPCI";"2";"Y_GE15";"1";"_T";"POP";"A";"";2022;292,425327
"243301447";"EPCI";"2";"Y_GE15";"1";"_T";"POP";"A";"";2022;250,577787
"248300493";"EPCI";"2";"Y_GE15";"1";"_T";"POP";"A";"";2022;2868,13286
"242900793";"EPCI";"2";"Y_GE15";"1";"_T";"POP";"A";"";2022;454,027892
"249730052";"EPCI";"2";"Y_GE15";"1";"_T";"POP";"A";"";2022;1327,061143
"200069144";"EPCI";"2";"Y_GE15";"1";"_T";"POP";"A";"";2022;192,453398
"200030385";"EPCI";"2";"Y_GE15";"1";"_T";"POP";"A";"";2022;2409,929379
"200067114";"EPCI";"2";"Y_GE15";"1";"_T";"POP";"A";"";2022;2317,812423
"200069524";"EPCI";"2";"Y_GE15";"1";"_T";"POP";"A";"";2022;470,658944
"200070290";"EPCI";"2";"Y_GE15";"1";"_T";"POP";"A";"";2022;272,164511
"200068799";"EPCI";"2";"Y_GE15";"1";"_T";"POP";"A";"";2022;964,294008
"200059889";"EPCI";"2";"Y_GE15";"1";"_T";"POP";"A";"";2022;9171,301679
"243500725";"EPCI";"2";"Y_GE15";"1";"_T";"POP";"A";"";2022;631,709806
"247400724";"EPCI";"2";"Y_GE15";"1";"_T";"POP";"A";"";2022;588,774208
"240200501";"EPCI";"2";"Y_GE15";"1";"_T";"POP";"A";"";2022;306,05245
"241000447";"EPCI";"2";"Y_GE15";"1";"_T";"POP";"A";"";2022;139,397483
"243200391";"EPCI";"2";"Y_GE15";"1";"_T";"POP";"A";"";2022;459,60717
"241400860";"EPCI";"2";"Y_GE15";"1";"_T";"POP";"A";"";2022;431,799483
"244500211";"EPCI";"2";"Y_GE15";"1";"_T";"POP";"A";"";2022;455,562447
"242504447";"EPCI";"2";"Y_GE15";"1";"_T";"POP";"A";"";2022;402,514785
"246900740";"EPCI";"2";"Y_GE15";"1";"_T";"POP";"A";"";2022;447,640021
"241200641";"EPCI";"2";"Y_GE15";"1";"_T";"POP";"A";"";2022;258,927374
"200043628";"EPCI";"2";"Y_GE15";"1";"_T";"POP";"A";"";2022;261,729397
"200066116";"EPCI";"2";"Y_GE15";"1";"_T";"POP";"A";"";2022;169,01439
"200041572";"EPCI";"2";"Y_GE15";"1";"_T";"POP";"A";"";2022;223,646243
"242900074";"EPCI";"2";"Y_GE15";"1";"_T";"POP";"A";"";2022;693,877422
"244900809";"EPCI";"2";"Y_GE15";"1";"_T";"POP";"A";"";2022;695,505144
"243301264";"EPCI";"2";"Y_GE15";"1";"_T";"POP";"A";"";2022;343,590785
"244000873";"EPCI";"2";"Y_GE15";"1";"_T";"POP";"A";"";2022;410,14532
"200072692";"EPCI";"2";"Y_GE15";"1";"_T";"POP";"A";"";2022;363,16123
"200055481";"EPCI";"2";"Y_GE15";"1";"_T";"POP";"A";"";2022;327,724985
"200068815";"EPCI";"2";"Y_GE15";"1";"_T";"POP";"A";"";2022;416,719697
"200026573";"EPCI";"2";"Y_GE15";"1";"_T";"POP";"A";"";2022;897,85124
"200036473";"EPCI";"2";"Y_GE15";"1";"_T";"POP";"A";"";2022;1322,808104
"200096956";"EPCI";"2";"Y_GE15";"1";"_T";"POP";"A";"";2022;2781,489047
"200023372";"EPCI";"2";"Y_GE15";"1";"_T";"POP";"A";"";2022;1106,769943
"200070795";"EPCI";"2";"Y_GE15";"1";"_T";"POP";"A";"";2022;105,859159
"200035202";"EPCI";"2";"Y_GE15";"1";"_T";"POP";"A";"";2022;446,189674
"242101509";"EPCI";"2";"Y_GE15";"1";"_T";"POP";"A";"";2022;308,55203
"242200715";"EPCI";"2";"Y_GE15";"1";"_T";"POP";"A";"";2022;419,509442
"200072049";"EPCI";"2";"Y_GE15";"1";"_T";"POP";"A";"";2022;605,986222
"200036077";"EPCI";"2";"Y_GE15";"1";"_T";"POP";"A";"";2022;2089,531023
"241200765";"EPCI";"2";"Y_GE15";"1";"_T";"POP";"A";"";2022;261,795436
"243500634";"EPCI";"2";"Y_GE15";"1";"_T";"POP";"A";"";2022;444,961849
"242500361";"EPCI";"2";"Y_GE15";"1";"_T";"POP";"A";"";2022;7108,483541
"200067031";"EPCI";"2";"Y_GE15";"1";"_T";"POP";"A";"";2022;354,696041
"200069912";"EPCI";"2";"Y_GE15";"1";"_T";"POP";"A";"";2022;115,058837
"200090561";"EPCI";"2";"Y_GE15";"1";"_T";"POP";"A";"";2022;862,774665
"200067817";"EPCI";"2";"Y_GE15";"1";"_T";"POP";"A";"";2022;863,525633
"200066553";"EPCI";"2";"Y_GE15";"1";"_T";"POP";"A";"";2022;320,965572
"200067593";"EPCI";"2";"Y_GE15";"1";"_T";"POP";"A";"";2022;315,360772
"200039758";"EPCI";"2";"Y_GE15";"1";"_T";"POP";"A";"";2022;608,361471
"200041010";"EPCI";"2";"Y_GE15";"1";"_T";"POP";"A";"";2022;688,583965
"200068955";"EPCI";"2";"Y_GE15";"1";"_T";"POP";"A";"";2022;367,818609
"246300701";"EPCI";"2";"Y_GE15";"1";"_T";"POP";"A";"";2022;12387,572277
"244500542";"EPCI";"2";"Y_GE15";"1";"_T";"POP";"A";"";2022;68,212771
"244301099";"EPCI";"2";"Y_GE15";"1";"_T";"POP";"A";"";2022;152,539507
"200072882";"EPCI";"2";"Y_GE15";"1";"_T";"POP";"A";"";2022;519,931524
"200073096";"EPCI";"2";"Y_GE15";"1";"_T";"POP";"A";"";2022;1243,150391
"200035756";"EPCI";"2";"Y_GE15";"1";"_T";"POP";"A";"";2022;66,111753
"200067742";"EPCI";"2";"Y_GE15";"1";"_T";"POP";"A";"";2022;702,383932
"242504181";"EPCI";"2";"Y_GE15";"1";"_T";"POP";"A";"";2022;753,922434
"247800584";"EPCI";"2";"Y_GE15";"1";"_T";"POP";"A";"";2022;8881,348519
"241200658";"EPCI";"2";"Y_GE15";"1";"_T";"POP";"A";"";2022;226,389949
"246000848";"EPCI";"2";"Y_GE15";"1";"_T";"POP";"A";"";2022;567,977853
"248900383";"EPCI";"2";"Y_GE15";"1";"_T";"POP";"A";"";2022;275,834965
"245501184";"EPCI";"2";"Y_GE15";"1";"_T";"POP";"A";"";2022;176,126017
"243400470";"EPCI";"2";"Y_GE15";"1";"_T";"POP";"A";"";2022;878,847641
"240800821";"EPCI";"2";"Y_GE15";"1";"_T";"POP";"A";"";2022;809,056991
"200070159";"EPCI";"2";"Y_GE15";"1";"_T";"POP";"A";"";2022;443,846491
"200068294";"EPCI";"2";"Y_GE15";"1";"_T";"POP";"A";"";2022;269,855124
"200072999";"EPCI";"2";"Y_GE15";"1";"_T";"POP";"A";"";2022;702,660555
"245700372";"EPCI";"2";"Y_GE15";"1";"_T";"POP";"A";"";2022;1106,844872
"241900133";"EPCI";"2";"Y_GE15";"1";"_T";"POP";"A";"";2022;222,182598
"246600464";"EPCI";"2";"Y_GE15";"1";"_T";"POP";"A";"";2022;369,208999
"200023307";"EPCI";"2";"Y_GE15";"1";"_T";"POP";"A";"";2022;664,442994
"200039949";"EPCI";"2";"Y_GE15";"1";"_T";"POP";"A";"";2022;875,462435
"200067155";"EPCI";"2";"Y_GE15";"1";"_T";"POP";"A";"";2022;610,349999
"200071868";"EPCI";"2";"Y_GE15";"1";"_T";"POP";"A";"";2022;557,943608
"200067189";"EPCI";"2";"Y_GE15";"1";"_T";"POP";"A";"";2022;312,383869
"248200065";"EPCI";"2";"Y_GE15";"1";"_T";"POP";"A";"";2022;201,090272
"244200622";"EPCI";"2";"Y_GE15";"1";"_T";"POP";"A";"";2022;395,927755
"200023414";"EPCI";"2";"Y_GE15";"1";"_T";"POP";"A";"";2022;15247,502758
"200041861";"EPCI";"2";"Y_GE15";"1";"_T";"POP";"A";"";2022;142,595312
"200042620";"EPCI";"2";"Y_GE15";"1";"_T";"POP";"A";"";2022;236,830217
"200041366";"EPCI";"2";"Y_GE15";"1";"_T";"POP";"A";"";2022;521,186591
"200040764";"EPCI";"2";"Y_GE15";"1";"_T";"POP";"A";"";2022;466,081381
"246900724";"EPCI";"2";"Y_GE15";"1";"_T";"POP";"A";"";2022;442,344981
"200069029";"EPCI";"2";"Y_GE15";"1";"_T";"POP";"A";"";2022;1553,09936
"200068831";"EPCI";"2";"Y_GE15";"1";"_T";"POP";"A";"";2022;443,731888
"200065787";"EPCI";"2";"Y_GE15";"1";"_T";"POP";"A";"";2022;765,631262
"200070233";"EPCI";"2";"Y_GE15";"1";"_T";"POP";"A";"";2022;659,04436
"200070589";"EPCI";"2";"Y_GE15";"1";"_T";"POP";"A";"";2022;198,388153
"200068112";"EPCI";"2";"Y_GE15";"1";"_T";"POP";"A";"";2022;1137,910841
"200071884";"EPCI";"2";"Y_GE15";"1";"_T";"POP";"A";"";2022;888,85139
"200040277";"EPCI";"2";"Y_GE15";"1";"_T";"POP";"A";"";2022;2018,631077
"200068559";"EPCI";"2";"Y_GE15";"1";"_T";"POP";"A";"";2022;719,140607
"200067023";"EPCI";"2";"Y_GE15";"1";"_T";"POP";"A";"";2022;961,398613
"200023125";"EPCI";"2";"Y_GE15";"1";"_T";"POP";"A";"";2022;836,938248
"242900660";"EPCI";"2";"Y_GE15";"1";"_T";"POP";"A";"";2022;291,795757
"241200914";"EPCI";"2";"Y_GE15";"1";"_T";"POP";"A";"";2022;213,648718
"200043396";"EPCI";"2";"Y_GE15";"1";"_T";"POP";"A";"";2022;2273,138715
"240700302";"EPCI";"2";"Y_GE15";"1";"_T";"POP";"A";"";2022;181,816188
"200067437";"EPCI";"2";"Y_GE15";"1";"_T";"POP";"A";"";2022;1407,767813
"200072304";"EPCI";"2";"Y_GE15";"1";"_T";"POP";"A";"";2022;454,24226
"200035319";"EPCI";"2";"Y_GE15";"1";"_T";"POP";"A";"";2022;2293,043449
"243300811";"EPCI";"2";"Y_GE15";"1";"_T";"POP";"A";"";2022;139,944047
"246200364";"EPCI";"2";"Y_GE15";"1";"_T";"POP";"A";"";2022;3756,081672
"244301123";"EPCI";"2";"Y_GE15";"1";"_T";"POP";"A";"";2022;212,30746
"243500667";"EPCI";"2";"Y_GE15";"1";"_T";"POP";"A";"";2022;453,809482
"248500563";"EPCI";"2";"Y_GE15";"1";"_T";"POP";"A";"";2022;211,060551
"200034833";"EPCI";"2";"Y_GE15";"1";"_T";"POP";"A";"";2022;297,497424
"200035731";"EPCI";"2";"Y_GE15";"1";"_T";"POP";"A";"";2022;2596,316041
"200040715";"EPCI";"2";"Y_GE15";"1";"_T";"POP";"A";"";2022;15220,769892
"200096675";"EPCI";"2";"Y_GE15";"1";"_T";"POP";"A";"";2022;197,871337
"248500191";"EPCI";"2";"Y_GE15";"1";"_T";"POP";"A";"";2022;189,397438
"246200844";"EPCI";"2";"Y_GE15";"1";"_T";"POP";"A";"";2022;253,607778
"200066405";"EPCI";"2";"Y_GE15";"1";"_T";"POP";"A";"";2022;307,322906
"200072643";"EPCI";"2";"Y_GE15";"1";"_T";"POP";"A";"";2022;824,13461
"200070670";"EPCI";"2";"Y_GE15";"1";"_T";"POP";"A";"";2022;433,820946
"200071207";"EPCI";"2";"Y_GE15";"1";"_T";"POP";"A";"";2022;165,574798
"200041788";"EPCI";"2";"Y_GE15";"1";"_T";"POP";"A";"";2022;1927,289609
"240600551";"EPCI";"2";"Y_GE15";"1";"_T";"POP";"A";"";2022;4582,613032
"244300307";"EPCI";"2";"Y_GE15";"1";"_T";"POP";"A";"";2022;214,143358
"243000650";"EPCI";"2";"Y_GE15";"1";"_T";"POP";"A";"";2022;528,483213
"247200132";"EPCI";"2";"Y_GE15";"1";"_T";"POP";"A";"";2022;5960,864088
"240200477";"EPCI";"2";"Y_GE15";"1";"_T";"POP";"A";"";2022;1610,804209
"200041762";"EPCI";"2";"Y_GE15";"1";"_T";"POP";"A";"";2022;1594,940612
"240200444";"EPCI";"2";"Y_GE15";"1";"_T";"POP";"A";"";2022;745,639866
"245400601";"EPCI";"2";"Y_GE15";"1";"_T";"POP";"A";"";2022;545,180338
"200066108";"EPCI";"2";"Y_GE15";"1";"_T";"POP";"A";"";2022;311,880427
"200070142";"EPCI";"2";"Y_GE15";"1";"_T";"POP";"A";"";2022;256,397644
"200070563";"EPCI";"2";"Y_GE15";"1";"_T";"POP";"A";"";2022;878,403391
"243301181";"EPCI";"2";"Y_GE15";"1";"_T";"POP";"A";"";2022;205,214097
"247400617";"EPCI";"2";"Y_GE15";"1";"_T";"POP";"A";"";2022;733,72478
"243301371";"EPCI";"2";"Y_GE15";"1";"_T";"POP";"A";"";2022;270,267221
"241927201";"EPCI";"2";"Y_GE15";"1";"_T";"POP";"A";"";2022;1096,262509
"243301397";"EPCI";"2";"Y_GE15";"1";"_T";"POP";"A";"";2022;143,323806
"246301097";"EPCI";"2";"Y_GE15";"1";"_T";"POP";"A";"";2022;201,393287
"200071058";"EPCI";"2";"Y_GE15";"1";"_T";"POP";"A";"";2022;398,018265
"200068930";"EPCI";"2";"Y_GE15";"1";"_T";"POP";"A";"";2022;281,435899
"200066892";"EPCI";"2";"Y_GE15";"1";"_T";"POP";"A";"";2022;159,549751
"244700464";"EPCI";"2";"Y_GE15";"1";"_T";"POP";"A";"";2022;181,08431
"243000643";"EPCI";"2";"Y_GE15";"1";"_T";"POP";"A";"";2022;7324,277117
"245600440";"EPCI";"2";"Y_GE15";"1";"_T";"POP";"A";"";2022;107,048656
"243500550";"EPCI";"2";"Y_GE15";"1";"_T";"POP";"A";"";2022;498,985647
"247600604";"EPCI";"2";"Y_GE15";"1";"_T";"POP";"A";"";2022;58,879333
"200027183";"EPCI";"2";"Y_GE15";"1";"_T";"POP";"A";"";2022;5778,278979
"200066801";"EPCI";"2";"Y_GE15";"1";"_T";"POP";"A";"";2022;446,132088
"200069821";"EPCI";"2";"Y_GE15";"1";"_T";"POP";"A";"";2022;1080,262192
"200040400";"EPCI";"2";"Y_GE15";"1";"_T";"POP";"A";"";2022;320,605981
"200058360";"EPCI";"2";"Y_GE15";"1";"_T";"POP";"A";"";2022;311,34941
"200067866";"EPCI";"2";"Y_GE15";"1";"_T";"POP";"A";"";2022;496,146414
"200072031";"EPCI";"2";"Y_GE15";"1";"_T";"POP";"A";"";2022;1203,946733
"247000714";"EPCI";"2";"Y_GE15";"1";"_T";"POP";"A";"";2022;129,273131
"245701222";"EPCI";"2";"Y_GE15";"1";"_T";"POP";"A";"";2022;1147,070719
"200067627";"EPCI";"2";"Y_GE15";"1";"_T";"POP";"A";"";2022;383,533523
"200040905";"EPCI";"2";"Y_GE15";"1";"_T";"POP";"A";"";2022;515,881924
"200068377";"EPCI";"2";"Y_GE15";"1";"_T";"POP";"A";"";2022;914,354645
"200071769";"EPCI";"2";"Y_GE15";"1";"_T";"POP";"A";"";2022;235,354021
"200067908";"EPCI";"2";"Y_GE15";"1";"_T";"POP";"A";"";2022;129,212684
"200067767";"EPCI";"2";"Y_GE15";"1";"_T";"POP";"A";"";2022;291,365521
"200073146";"EPCI";"2";"Y_GE15";"1";"_T";"POP";"A";"";2022;247,096959
"200041440";"EPCI";"2";"Y_GE15";"1";"_T";"POP";"A";"";2022;135,550375
"243800604";"EPCI";"2";"Y_GE15";"1";"_T";"POP";"A";"";2022;1939,622518
"249100157";"EPCI";"2";"Y_GE15";"1";"_T";"POP";"A";"";2022;283,241354
"200069425";"EPCI";"2";"Y_GE15";"1";"_T";"POP";"A";"";2022;1948,168484
"200073401";"EPCI";"2";"Y_GE15";"1";"_T";"POP";"A";"";2022;323,405357
"200071181";"EPCI";"2";"Y_GE15";"1";"_T";"POP";"A";"";2022;672,74814
"200090579";"EPCI";"2";"Y_GE15";"1";"_T";"POP";"A";"";2022;643,365515
"247600729";"EPCI";"2";"Y_GE15";"1";"_T";"POP";"A";"";2022;295,202326
"247300262";"EPCI";"2";"Y_GE15";"1";"_T";"POP";"A";"";2022;120,400876
"243301215";"EPCI";"2";"Y_GE15";"1";"_T";"POP";"A";"";2022;166,682653
"247103864";"EPCI";"2";"Y_GE15";"1";"_T";"POP";"A";"";2022;65,942809
"200041853";"EPCI";"2";"Y_GE15";"1";"_T";"POP";"A";"";2022;94,528863
"200018083";"EPCI";"2";"Y_GE15";"1";"_T";"POP";"A";"";2022;381,694668
"200043495";"EPCI";"2";"Y_GE15";"1";"_T";"POP";"A";"";2022;1058,317932
"200071025";"EPCI";"2";"Y_GE15";"1";"_T";"POP";"A";"";2022;236,911072
"200065597";"EPCI";"2";"Y_GE15";"1";"_T";"POP";"A";"";2022;7576,596191
"200069433";"EPCI";"2";"Y_GE15";"1";"_T";"POP";"A";"";2022;294,094986
"200043354";"EPCI";"2";"Y_GE15";"1";"_T";"POP";"A";"";2022;325,691209
"248719361";"EPCI";"2";"Y_GE15";"1";"_T";"POP";"A";"";2022;185,713868
"240300657";"EPCI";"2";"Y_GE15";"1";"_T";"POP";"A";"";2022;76,81395
"200023737";"EPCI";"2";"Y_GE15";"1";"_T";"POP";"A";"";2022;1619,744197
"200044253";"EPCI";"2";"Y_GE15";"1";"_T";"POP";"A";"";2022;323,955616
"200067361";"EPCI";"2";"Y_GE15";"1";"_T";"POP";"A";"";2022;1204,656417
"200068641";"EPCI";"2";"Y_GE15";"1";"_T";"POP";"A";"";2022;1413,341922
"240200576";"EPCI";"2";"Y_GE15";"1";"_T";"POP";"A";"";2022;452,792146
"200069060";"EPCI";"2";"Y_GE15";"1";"_T";"POP";"A";"";2022;199,642796
"200070449";"EPCI";"2";"Y_GE15";"1";"_T";"POP";"A";"";2022;552,978983
"245400262";"EPCI";"2";"Y_GE15";"1";"_T";"POP";"A";"";2022;824,664645
"200030674";"EPCI";"2";"Y_GE15";"1";"_T";"POP";"A";"";2022;1240,466722
"200067049";"EPCI";"2";"Y_GE15";"1";"_T";"POP";"A";"";2022;259,250273
"200041499";"EPCI";"2";"Y_GE15";"1";"_T";"POP";"A";"";2022;354,794074
"200070852";"EPCI";"2";"Y_GE15";"1";"_T";"POP";"A";"";2022;392,383984
"200030658";"EPCI";"2";"Y_GE15";"1";"_T";"POP";"A";"";2022;369,118426
"249740085";"EPCI";"2";"Y_GE15";"1";"_T";"POP";"A";"";2022;2627,72399
"248400053";"EPCI";"2";"Y_GE15";"1";"_T";"POP";"A";"";2022;1567,143683
"200040392";"EPCI";"2";"Y_GE15";"1";"_T";"POP";"A";"";2022;3256,176261
"200034700";"EPCI";"2";"Y_GE15";"1";"_T";"POP";"A";"";2022;1649,744099
"200068096";"EPCI";"2";"Y_GE15";"1";"_T";"POP";"A";"";2022;427,401479
"240100883";"EPCI";"2";"Y_GE15";"1";"_T";"POP";"A";"";2022;1462,374246
"242320000";"EPCI";"2";"Y_GE15";"1";"_T";"POP";"A";"";2022;152,090332
"248719312";"EPCI";"2";"Y_GE15";"1";"_T";"POP";"A";"";2022;6222,792837
"249740119";"EPCI";"2";"Y_GE15";"1";"_T";"POP";"A";"";2022;5818,686183
"200071041";"EPCI";"2";"Y_GE15";"1";"_T";"POP";"A";"";2022;198,980817
"200035970";"EPCI";"2";"Y_GE15";"1";"_T";"POP";"A";"";2022;329,406869
"200070167";"EPCI";"2";"Y_GE15";"1";"_T";"POP";"A";"";2022;249,174162
"200057958";"EPCI";"2";"Y_GE15";"1";"_T";"POP";"A";"";2022;4347,891779
"242010056";"EPCI";"2";"Y_GE15";"1";"_T";"POP";"A";"";2022;3177,104976
"248000531";"EPCI";"2";"Y_GE15";"1";"_T";"POP";"A";"";2022;7335,180157
"245804497";"EPCI";"2";"Y_GE15";"1";"_T";"POP";"A";"";2022;87,518446
"246000376";"EPCI";"2";"Y_GE15";"1";"_T";"POP";"A";"";2022;782,923208
"200069615";"EPCI";"2";"Y_GE15";"1";"_T";"POP";"A";"";2022;246,337325
"200040509";"EPCI";"2";"Y_GE15";"1";"_T";"POP";"A";"";2022;593,788086
"200042703";"EPCI";"2";"Y_GE15";"1";"_T";"POP";"A";"";2022;310,057109
"242900801";"EPCI";"2";"Y_GE15";"1";"_T";"POP";"A";"";2022;730,285371
"243500774";"EPCI";"2";"Y_GE15";"1";"_T";"POP";"A";"";2022;438,752755
"244600573";"EPCI";"2";"Y_GE15";"1";"_T";"POP";"A";"";2022;115,409476
"200072007";"EPCI";"2";"Y_GE15";"1";"_T";"POP";"A";"";2022;208,319014
"200071405";"EPCI";"2";"Y_GE15";"1";"_T";"POP";"A";"";2022;382,939326
"200070282";"EPCI";"2";"Y_GE15";"1";"_T";"POP";"A";"";2022;293,308707
"200070753";"EPCI";"2";"Y_GE15";"1";"_T";"POP";"A";"";2022;961,634733
"243000593";"EPCI";"2";"Y_GE15";"1";"_T";"POP";"A";"";2022;443,637214
"248500589";"EPCI";"2";"Y_GE15";"1";"_T";"POP";"A";"";2022;2303,47083
"248200099";"EPCI";"2";"Y_GE15";"1";"_T";"POP";"A";"";2022;1813,759838
"241400415";"EPCI";"2";"Y_GE15";"1";"_T";"POP";"A";"";2022;840,12447
"200042604";"EPCI";"2";"Y_GE15";"1";"_T";"POP";"A";"";2022;1044,531281
"200071512";"EPCI";"2";"Y_GE15";"1";"_T";"POP";"A";"";2022;491,777282
"200071199";"EPCI";"2";"Y_GE15";"1";"_T";"POP";"A";"";2022;239,253037
"200068484";"EPCI";"2";"Y_GE15";"1";"_T";"POP";"A";"";2022;476,325744
"247600786";"EPCI";"2";"Y_GE15";"1";"_T";"POP";"A";"";2022;1610,615512
"240300558";"EPCI";"2";"Y_GE15";"1";"_T";"POP";"A";"";2022;139,472579
"200070571";"EPCI";"2";"Y_GE15";"1";"_T";"POP";"A";"";2022;60,414237
"200068963";"EPCI";"2";"Y_GE15";"1";"_T";"POP";"A";"";2022;201,776896
"200071900";"EPCI";"2";"Y_GE15";"1";"_T";"POP";"A";"";2022;406,863376
"200069755";"EPCI";"2";"Y_GE15";"1";"_T";"POP";"A";"";2022;778,318978
"243301165";"EPCI";"2";"Y_GE15";"1";"_T";"POP";"A";"";2022;184,872418
"242400935";"EPCI";"2";"Y_GE15";"1";"_T";"POP";"A";"";2022;128,083396
"200030633";"EPCI";"2";"Y_GE15";"1";"_T";"POP";"A";"";2022;1496,605306
"200070506";"EPCI";"2";"Y_GE15";"1";"_T";"POP";"A";"";2022;171,947588
"248600413";"EPCI";"2";"Y_GE15";"1";"_T";"POP";"A";"";2022;1379,697013
"243000569";"EPCI";"2";"Y_GE15";"1";"_T";"POP";"A";"";2022;328,881587
"247400112";"EPCI";"2";"Y_GE15";"1";"_T";"POP";"A";"";2022;308,56872
"245700695";"EPCI";"2";"Y_GE15";"1";"_T";"POP";"A";"";2022;276,38615
"246000764";"EPCI";"2";"Y_GE15";"1";"_T";"POP";"A";"";2022;907,342343
"200034825";"EPCI";"2";"Y_GE15";"1";"_T";"POP";"A";"";2022;1053,881621
"200070514";"EPCI";"2";"Y_GE15";"1";"_T";"POP";"A";"";2022;1828,849068
"200004802";"EPCI";"2";"Y_GE15";"1";"_T";"POP";"A";"";2022;339,285671
"244400537";"EPCI";"2";"Y_GE15";"1";"_T";"POP";"A";"";2022;195,008373
"247700701";"EPCI";"2";"Y_GE15";"1";"_T";"POP";"A";"";2022;574,468743
"200066785";"EPCI";"2";"Y_GE15";"1";"_T";"POP";"A";"";2022;678,787283
"200027027";"EPCI";"2";"Y_GE15";"1";"_T";"POP";"A";"";2022;419,073684
"200070720";"EPCI";"2";"Y_GE15";"1";"_T";"POP";"A";"";2022;394,021766
"200070647";"EPCI";"2";"Y_GE15";"1";"_T";"POP";"A";"";2022;1018,27621
"247400567";"EPCI";"2";"Y_GE15";"1";"_T";"POP";"A";"";2022;174,375525
"244400586";"EPCI";"2";"Y_GE15";"1";"_T";"POP";"A";"";2022;285,724443
"248300550";"EPCI";"2";"Y_GE15";"1";"_T";"POP";"A";"";2022;878,128464
"241200567";"EPCI";"2";"Y_GE15";"1";"_T";"POP";"A";"";2022;1299,978832
"200036499";"EPCI";"2";"Y_GE15";"1";"_T";"POP";"A";"";2022;213,641512
"200023794";"EPCI";"2";"Y_GE15";"1";"_T";"POP";"A";"";2022;344,215369
"200071652";"EPCI";"2";"Y_GE15";"1";"_T";"POP";"A";"";2022;75,737371
"200042901";"EPCI";"2";"Y_GE15";"1";"_T";"POP";"A";"";2022;740,030409
"200069664";"EPCI";"2";"Y_GE15";"1";"_T";"POP";"A";"";2022;280,856821
"200068773";"EPCI";"2";"Y_GE15";"1";"_T";"POP";"A";"";2022;303,555798
"200066033";"EPCI";"2";"Y_GE15";"1";"_T";"POP";"A";"";2022;389,790232
"200066389";"EPCI";"2";"Y_GE15";"1";"_T";"POP";"A";"";2022;1628,647398
"247000664";"EPCI";"2";"Y_GE15";"1";"_T";"POP";"A";"";2022;372,098224
"246800569";"EPCI";"2";"Y_GE15";"1";"_T";"POP";"A";"";2022;904,491864
"241400878";"EPCI";"2";"Y_GE15";"1";"_T";"POP";"A";"";2022;319,635615
"200034130";"EPCI";"2";"Y_GE15";"1";"_T";"POP";"A";"";2022;264,725403
"200070308";"EPCI";"2";"Y_GE15";"1";"_T";"POP";"A";"";2022;2417,385437
"200070332";"EPCI";"2";"Y_GE15";"1";"_T";"POP";"A";"";2022;414,523377
"246200299";"EPCI";"2";"Y_GE15";"1";"_T";"POP";"A";"";2022;1776,575645
"247000011";"EPCI";"2";"Y_GE15";"1";"_T";"POP";"A";"";2022;1389,460357
"248500621";"EPCI";"2";"Y_GE15";"1";"_T";"POP";"A";"";2022;526,437188
"200035764";"EPCI";"2";"Y_GE15";"1";"_T";"POP";"A";"";2022;378,892092
"200067940";"EPCI";"2";"Y_GE15";"1";"_T";"POP";"A";"";2022;725,206973
"200041325";"EPCI";"2";"Y_GE15";"1";"_T";"POP";"A";"";2022;404,220747
"200067650";"EPCI";"2";"Y_GE15";"1";"_T";"POP";"A";"";2022;308,424987
"200066157";"EPCI";"2";"Y_GE15";"1";"_T";"POP";"A";"";2022;688,866463
"245300223";"EPCI";"2";"Y_GE15";"1";"_T";"POP";"A";"";2022;259,760993
"244500427";"EPCI";"2";"Y_GE15";"1";"_T";"POP";"A";"";2022;548,4395
"243600327";"EPCI";"2";"Y_GE15";"1";"_T";"POP";"A";"";2022;2135,409489
"244700449";"EPCI";"2";"Y_GE15";"1";"_T";"POP";"A";"";2022;94,912322
"200071470";"EPCI";"2";"Y_GE15";"1";"_T";"POP";"A";"";2022;371,274871
"200070688";"EPCI";"2";"Y_GE15";"1";"_T";"POP";"A";"";2022;414,185708
"200055655";"EPCI";"2";"Y_GE15";"1";"_T";"POP";"A";"";2022;6931,469286
"200034882";"EPCI";"2";"Y_GE15";"1";"_T";"POP";"A";"";2022;2034,319238
"200069169";"EPCI";"2";"Y_GE15";"1";"_T";"POP";"A";"";2022;409,459268
"243100518";"EPCI";"2";"Y_GE15";"1";"_T";"POP";"A";"";2022;21887,376546
"200033298";"EPCI";"2";"Y_GE15";"1";"_T";"POP";"A";"";2022;667,75471
"200042497";"EPCI";"2";"Y_GE15";"1";"_T";"POP";"A";"";2022;394,003076
"200035723";"EPCI";"2";"Y_GE15";"1";"_T";"POP";"A";"";2022;189,657105
"200069417";"EPCI";"2";"Y_GE15";"1";"_T";"POP";"A";"";2022;238,925274
"200068856";"EPCI";"2";"Y_GE15";"1";"_T";"POP";"A";"";2022;142,307064
"242010130";"EPCI";"2";"Y_GE15";"1";"_T";"POP";"A";"";2022;437,586709
"247100639";"EPCI";"2";"Y_GE15";"1";"_T";"POP";"A";"";2022;109,047545
"241800507";"EPCI";"2";"Y_GE15";"1";"_T";"POP";"A";"";2022;2632,271956
"247700057";"EPCI";"2";"Y_GE15";"1";"_T";"POP";"A";"";2022;3281,605268
"241200187";"EPCI";"2";"Y_GE15";"1";"_T";"POP";"A";"";2022;2611,449985
"241700459";"EPCI";"2";"Y_GE15";"1";"_T";"POP";"A";"";2022;457,462772
"248400160";"EPCI";"2";"Y_GE15";"1";"_T";"POP";"A";"";2022;241,34296
"200039824";"EPCI";"2";"Y_GE15";"1";"_T";"POP";"A";"";2022;182,662543
"200066819";"EPCI";"2";"Y_GE15";"1";"_T";"POP";"A";"";2022;382,643425
"200040590";"EPCI";"2";"Y_GE15";"1";"_T";"POP";"A";"";2022;2296,382972
"200071413";"EPCI";"2";"Y_GE15";"1";"_T";"POP";"A";"";2022;1224,468776
"200070092";"EPCI";"2";"Y_GE15";"1";"_T";"POP";"A";"";2022;1539,327354
"200007177";"EPCI";"2";"Y_GE15";"1";"_T";"POP";"A";"";2022;57,052671
"246000566";"EPCI";"2";"Y_GE15";"1";"_T";"POP";"A";"";2022;606,058023
"246800577";"EPCI";"2";"Y_GE15";"1";"_T";"POP";"A";"";2022;584,320522
"200066058";"EPCI";"2";"Y_GE15";"1";"_T";"POP";"A";"";2022;1501,985689
"240500439";"EPCI";"2";"Y_GE15";"1";"_T";"POP";"A";"";2022;1581,12353
"200066280";"EPCI";"2";"Y_GE15";"1";"_T";"POP";"A";"";2022;694,272392
"200084952";"EPCI";"2";"Y_GE15";"1";"_T";"POP";"A";"";2022;7538,259427
"247400583";"EPCI";"2";"Y_GE15";"1";"_T";"POP";"A";"";2022;251,207915
"244600482";"EPCI";"2";"Y_GE15";"1";"_T";"POP";"A";"";2022;209,642625
"247000367";"EPCI";"2";"Y_GE15";"1";"_T";"POP";"A";"";2022;99,030706
"243600293";"EPCI";"2";"Y_GE15";"1";"_T";"POP";"A";"";2022;118,801682
"242700607";"EPCI";"2";"Y_GE15";"1";"_T";"POP";"A";"";2022;312,683308
"246900625";"EPCI";"2";"Y_GE15";"1";"_T";"POP";"A";"";2022;605,758104
"245701404";"EPCI";"2";"Y_GE15";"1";"_T";"POP";"A";"";2022;365,256346
"200070324";"EPCI";"2";"Y_GE15";"1";"_T";"POP";"A";"";2022;1292,462557
"240700617";"EPCI";"2";"Y_GE15";"1";"_T";"POP";"A";"";2022;70,380185
"244500203";"EPCI";"2";"Y_GE15";"1";"_T";"POP";"A";"";2022;1314,777288
"200066728";"EPCI";"2";"Y_GE15";"1";"_T";"POP";"A";"";2022;221,125243
"200044030";"EPCI";"2";"Y_GE15";"1";"_T";"POP";"A";"";2022;515,400183
"200067791";"EPCI";"2";"Y_GE15";"1";"_T";"POP";"A";"";2022;808,31127
"200068104";"EPCI";"2";"Y_GE15";"1";"_T";"POP";"A";"";2022;2188,287864
"200023240";"EPCI";"2";"Y_GE15";"1";"_T";"POP";"A";"";2022;734,473227
"200068120";"EPCI";"2";"Y_GE15";"1";"_T";"POP";"A";"";2022;2445,874349
"200041507";"EPCI";"2";"Y_GE15";"1";"_T";"POP";"A";"";2022;589,302994
"200034379";"EPCI";"2";"Y_GE15";"1";"_T";"POP";"A";"";2022;653,657844
"200071843";"EPCI";"2";"Y_GE15";"1";"_T";"POP";"A";"";2022;794,731839
"243500618";"EPCI";"2";"Y_GE15";"1";"_T";"POP";"A";"";2022;235,34482
"200067999";"EPCI";"2";"Y_GE15";"1";"_T";"POP";"A";"";2022;2996,259593
"200069250";"EPCI";"2";"Y_GE15";"1";"_T";"POP";"A";"";2022;4643,519314
"245100888";"EPCI";"2";"Y_GE15";"1";"_T";"POP";"A";"";2022;181,692707
"243100781";"EPCI";"2";"Y_GE15";"1";"_T";"POP";"A";"";2022;397,990858
"200068229";"EPCI";"2";"Y_GE15";"1";"_T";"POP";"A";"";2022;859,369501
"200044394";"EPCI";"2";"Y_GE15";"1";"_T";"POP";"A";"";2022;382,579319
"200039857";"EPCI";"2";"Y_GE15";"1";"_T";"POP";"A";"";2022;1843,800675
"240200634";"EPCI";"2";"Y_GE15";"1";"_T";"POP";"A";"";2022;168,362563
"200071629";"EPCI";"2";"Y_GE15";"1";"_T";"POP";"A";"";2022;748,461729
"200035103";"EPCI";"2";"Y_GE15";"1";"_T";"POP";"A";"";2022;127,361622
"200035814";"EPCI";"2";"Y_GE15";"1";"_T";"POP";"A";"";2022;1187,592814
"240500462";"EPCI";"2";"Y_GE15";"1";"_T";"POP";"A";"";2022;235,870447
"200070894";"EPCI";"2";"Y_GE15";"1";"_T";"POP";"A";"";2022;749,498946
"247700032";"EPCI";"2";"Y_GE15";"1";"_T";"POP";"A";"";2022;551,617156
"243400694";"EPCI";"2";"Y_GE15";"1";"_T";"POP";"A";"";2022;655,788456
"200040772";"EPCI";"2";"Y_GE15";"1";"_T";"POP";"A";"";2022;137,23897
"200069110";"EPCI";"2";"Y_GE15";"1";"_T";"POP";"A";"";2022;5298,984409
"200027100";"EPCI";"2";"Y_GE15";"1";"_T";"POP";"A";"";2022;1191,635007
"200068468";"EPCI";"2";"Y_GE15";"1";"_T";"POP";"A";"";2022;588,029524
"244200895";"EPCI";"2";"Y_GE15";"1";"_T";"POP";"A";"";2022;283,946633
"244600532";"EPCI";"2";"Y_GE15";"1";"_T";"POP";"A";"";2022;148,795864
"243000296";"EPCI";"2";"Y_GE15";"1";"_T";"POP";"A";"";2022;349,476459
"242101459";"EPCI";"2";"Y_GE15";"1";"_T";"POP";"A";"";2022;177,682009
"200041879";"EPCI";"2";"Y_GE15";"1";"_T";"POP";"A";"";2022;174,837143
"200070944";"EPCI";"2";"Y_GE15";"1";"_T";"POP";"A";"";2022;422,251822
"246000582";"EPCI";"2";"Y_GE15";"1";"_T";"POP";"A";"";2022;666,886996
"246700744";"EPCI";"2";"Y_GE15";"1";"_T";"POP";"A";"";2022;243,852069
"242900629";"EPCI";"2";"Y_GE15";"1";"_T";"POP";"A";"";2022;223,549857
"246700926";"EPCI";"2";"Y_GE15";"1";"_T";"POP";"A";"";2022;567,079128
"247300254";"EPCI";"2";"Y_GE15";"1";"_T";"POP";"A";"";2022;2160,954356
"248100497";"EPCI";"2";"Y_GE15";"1";"_T";"POP";"A";"";2022;143,964848
"243200417";"EPCI";"2";"Y_GE15";"1";"_T";"POP";"A";"";2022;323,818601
"243600319";"EPCI";"2";"Y_GE15";"1";"_T";"POP";"A";"";2022;370,651851
"247400666";"EPCI";"2";"Y_GE15";"1";"_T";"POP";"A";"";2022;241,379277
"200073427";"EPCI";"2";"Y_GE15";"1";"_T";"POP";"A";"";2022;567,427288
"200071967";"EPCI";"2";"Y_GE15";"1";"_T";"POP";"A";"";2022;1184,223833
"200072320";"EPCI";"2";"Y_GE15";"1";"_T";"POP";"A";"";2022;136,656605
"248100745";"EPCI";"2";"Y_GE15";"1";"_T";"POP";"A";"";2022;73,905082
"249720053";"EPCI";"2";"Y_GE15";"1";"_T";"POP";"A";"";2022;1503,964663
"246201016";"EPCI";"2";"Y_GE15";"1";"_T";"POP";"A";"";2022;297,005589
"248100430";"EPCI";"2";"Y_GE15";"1";"_T";"POP";"A";"";2022;1704,394647
"200040038";"EPCI";"2";"Y_GE15";"1";"_T";"POP";"A";"";2022;118,762138
"200066322";"EPCI";"2";"Y_GE15";"1";"_T";"POP";"A";"";2022;687,79091
"200067932";"EPCI";"2";"Y_GE15";"1";"_T";"POP";"A";"";2022;2903,632083
"240200469";"EPCI";"2";"Y_GE15";"1";"_T";"POP";"A";"";2022;299,451967
"200036150";"EPCI";"2";"Y_GE15";"1";"_T";"POP";"A";"";2022;234,469338
"243600350";"EPCI";"2";"Y_GE15";"1";"_T";"POP";"A";"";2022;372,848859
"240600585";"EPCI";"2";"Y_GE15";"1";"_T";"POP";"A";"";2022;4893,926934
"200067320";"EPCI";"2";"Y_GE15";"1";"_T";"POP";"A";"";2022;132,184991
"200066884";"EPCI";"2";"Y_GE15";"1";"_T";"POP";"A";"";2022;246,973711
"200071579";"EPCI";"2";"Y_GE15";"1";"_T";"POP";"A";"";2022;409,997468
"200072312";"EPCI";"2";"Y_GE15";"1";"_T";"POP";"A";"";2022;1955,696764
"243900610";"EPCI";"2";"Y_GE15";"1";"_T";"POP";"A";"";2022;121,661252
"244500419";"EPCI";"2";"Y_GE15";"1";"_T";"POP";"A";"";2022;164,463089
"245300389";"EPCI";"2";"Y_GE15";"1";"_T";"POP";"A";"";2022;473,469195
"248500258";"EPCI";"2";"Y_GE15";"1";"_T";"POP";"A";"";2022;244,072868
"248200107";"EPCI";"2";"Y_GE15";"1";"_T";"POP";"A";"";2022;217,585139
"200070779";"EPCI";"2";"Y_GE15";"1";"_T";"POP";"A";"";2022;485,460673
"200006971";"EPCI";"2";"Y_GE15";"1";"_T";"POP";"A";"";2022;808,258402
"200067874";"EPCI";"2";"Y_GE15";"1";"_T";"POP";"A";"";2022;2474,391099
"200071595";"EPCI";"2";"Y_GE15";"1";"_T";"POP";"A";"";2022;857,055187
"200071504";"EPCI";"2";"Y_GE15";"1";"_T";"POP";"A";"";2022;249,243325
"200040566";"EPCI";"2";"Y_GE15";"1";"_T";"POP";"A";"";2022;1505,953726
"243500782";"EPCI";"2";"Y_GE15";"1";"_T";"POP";"A";"";2022;2043,519945
"246000749";"EPCI";"2";"Y_GE15";"1";"_T";"POP";"A";"";2022;280,588238
"246800551";"EPCI";"2";"Y_GE15";"1";"_T";"POP";"A";"";2022;386,358268
"249720061";"EPCI";"2";"Y_GE15";"1";"_T";"POP";"A";"";2022;2181,403869
"200068658";"EPCI";"2";"Y_GE15";"1";"_T";"POP";"A";"";2022;2165,028218
"200006682";"EPCI";"2";"Y_GE15";"1";"_T";"POP";"A";"";2022;1915,144079
"200067486";"EPCI";"2";"Y_GE15";"1";"_T";"POP";"A";"";2022;330,480222
"200071645";"EPCI";"2";"Y_GE15";"1";"_T";"POP";"A";"";2022;172,14421
"200071371";"EPCI";"2";"Y_GE15";"1";"_T";"POP";"A";"";2022;260,266778
"200069953";"EPCI";"2";"Y_GE15";"1";"_T";"POP";"A";"";2022;759,091391
"200043404";"EPCI";"2";"Y_GE15";"1";"_T";"POP";"A";"";2022;616,314626
"200041721";"EPCI";"2";"Y_GE15";"1";"_T";"POP";"A";"";2022;297,106841
"246600449";"EPCI";"2";"Y_GE15";"1";"_T";"POP";"A";"";2022;415,34223
"245100979";"EPCI";"2";"Y_GE15";"1";"_T";"POP";"A";"";2022;153,127369
"247000821";"EPCI";"2";"Y_GE15";"1";"_T";"POP";"A";"";2022;120,431754
"200066330";"EPCI";"2";"Y_GE15";"1";"_T";"POP";"A";"";2022;297,806131
"200043602";"EPCI";"2";"Y_GE15";"1";"_T";"POP";"A";"";2022;1329,15461
"200069193";"EPCI";"2";"Y_GE15";"1";"_T";"POP";"A";"";2022;750,354547
"246600423";"EPCI";"2";"Y_GE15";"1";"_T";"POP";"A";"";2022;273,605753
"249100553";"EPCI";"2";"Y_GE15";"1";"_T";"POP";"A";"";2022;341,181495
"243200599";"EPCI";"2";"Y_GE15";"1";"_T";"POP";"A";"";2022;144,851512
"200068625";"EPCI";"2";"Y_GE15";"1";"_T";"POP";"A";"";2022;638,634122
"200067262";"EPCI";"2";"Y_GE15";"1";"_T";"POP";"A";"";2022;711,171206
"200069409";"EPCI";"2";"Y_GE15";"1";"_T";"POP";"A";"";2022;3053,494722
"200040244";"EPCI";"2";"Y_GE15";"1";"_T";"POP";"A";"";2022;1466,71644
"243400355";"EPCI";"2";"Y_GE15";"1";"_T";"POP";"A";"";2022;611,118511
"241700640";"EPCI";"2";"Y_GE15";"1";"_T";"POP";"A";"";2022;1106,224064
"248000499";"EPCI";"2";"Y_GE15";"1";"_T";"POP";"A";"";2022;401,075554
"242900553";"EPCI";"2";"Y_GE15";"1";"_T";"POP";"A";"";2022;496,31423
"200068500";"EPCI";"2";"Y_GE15";"1";"_T";"POP";"A";"";2022;1897,181713
"200070902";"EPCI";"2";"Y_GE15";"1";"_T";"POP";"A";"";2022;738,99367
"200069532";"EPCI";"2";"Y_GE15";"1";"_T";"POP";"A";"";2022;2018,753079
"200010700";"EPCI";"2";"Y_GE15";"1";"_T";"POP";"A";"";2022;1272,49834
"244200770";"EPCI";"2";"Y_GE15";"1";"_T";"POP";"A";"";2022;11915,497812
"240700815";"EPCI";"2";"Y_GE15";"1";"_T";"POP";"A";"";2022;121,011215
"200073393";"EPCI";"2";"Y_GE15";"1";"_T";"POP";"A";"";2022;566,385303
"200066009";"EPCI";"2";"Y_GE15";"1";"_T";"POP";"A";"";2022;5901,301265
"200034874";"EPCI";"2";"Y_GE15";"1";"_T";"POP";"A";"";2022;126,960854
"200067254";"EPCI";"2";"Y_GE15";"1";"_T";"POP";"A";"";2022;4033,144134
"200072346";"EPCI";"2";"Y_GE15";"1";"_T";"POP";"A";"";2022;1826,849239
"200069300";"EPCI";"2";"Y_GE15";"1";"_T";"POP";"A";"";2022;2743,340709
"200043123";"EPCI";"2";"Y_GE15";"1";"_T";"POP";"A";"";2022;1530,373948
"200068682";"EPCI";"2";"Y_GE15";"1";"_T";"POP";"A";"";2022;538,69159
"246600399";"EPCI";"2";"Y_GE15";"1";"_T";"POP";"A";"";2022;371,119155
"244100798";"EPCI";"2";"Y_GE15";"1";"_T";"POP";"A";"";2022;250,511713
"247000755";"EPCI";"2";"Y_GE15";"1";"_T";"POP";"A";"";2022;429,155913
"249740093";"EPCI";"2";"Y_GE15";"1";"_T";"POP";"A";"";2022;2600,377131
"200066132";"EPCI";"2";"Y_GE15";"1";"_T";"POP";"A";"";2022;248,83191
"200069649";"EPCI";"2";"Y_GE15";"1";"_T";"POP";"A";"";2022;348,325029
"243500139";"EPCI";"2";"Y_GE15";"1";"_T";"POP";"A";"";2022;14428,243101
"248500340";"EPCI";"2";"Y_GE15";"1";"_T";"POP";"A";"";2022;330,841295
"200071140";"EPCI";"2";"Y_GE15";"1";"_T";"POP";"A";"";2022;2179,28132
"200030526";"EPCI";"2";"Y_GE15";"1";"_T";"POP";"A";"";2022;230,484889
"200058477";"EPCI";"2";"Y_GE15";"1";"_T";"POP";"A";"";2022;3444,840554
"200069227";"EPCI";"2";"Y_GE15";"1";"_T";"POP";"A";"";2022;411,200447
"246200380";"EPCI";"2";"Y_GE15";"1";"_T";"POP";"A";"";2022;348,915793
"200072080";"EPCI";"2";"Y_GE15";"1";"_T";"POP";"A";"";2022;363,776122
"200041622";"EPCI";"2";"Y_GE15";"1";"_T";"POP";"A";"";2022;187,686303
"200071314";"EPCI";"2";"Y_GE15";"1";"_T";"POP";"A";"";2022;374,773123
"240100800";"EPCI";"2";"Y_GE15";"1";"_T";"POP";"A";"";2022;460,120546
"200071116";"EPCI";"2";"Y_GE15";"1";"_T";"POP";"A";"";2022;1729,469903
"200066462";"EPCI";"2";"Y_GE15";"1";"_T";"POP";"A";"";2022;692,018657
"246900575";"EPCI";"2";"Y_GE15";"1";"_T";"POP";"A";"";2022;483,791744
"243301355";"EPCI";"2";"Y_GE15";"1";"_T";"POP";"A";"";2022;138,507784
"200069094";"EPCI";"2";"Y_GE15";"1";"_T";"POP";"A";"";2022;181,502797
"200068435";"EPCI";"2";"Y_GE15";"1";"_T";"POP";"A";"";2022;192,51686
"200070464";"EPCI";"2";"Y_GE15";"1";"_T";"POP";"A";"";2022;893,698306
"200023299";"EPCI";"2";"Y_GE15";"1";"_T";"POP";"A";"";2022;938,237755
"200070761";"EPCI";"2";"Y_GE15";"1";"_T";"POP";"A";"";2022;907,035436
"246600415";"EPCI";"2";"Y_GE15";"1";"_T";"POP";"A";"";2022;326,774496
"242000354";"EPCI";"2";"Y_GE15";"1";"_T";"POP";"A";"";2022;2429,853233
"241927243";"EPCI";"2";"Y_GE15";"1";"_T";"POP";"A";"";2022;154,334858
"200040178";"EPCI";"2";"Y_GE15";"1";"_T";"POP";"A";"";2022;273,59994
"200069839";"EPCI";"2";"Y_GE15";"1";"_T";"POP";"A";"";2022;561,63582
"200044014";"EPCI";"2";"Y_GE15";"1";"_T";"POP";"A";"";2022;440,046316
"200041523";"EPCI";"2";"Y_GE15";"1";"_T";"POP";"A";"";2022;1145,36803
"200070803";"EPCI";"2";"Y_GE15";"1";"_T";"POP";"A";"";2022;94,555888
"244400453";"EPCI";"2";"Y_GE15";"1";"_T";"POP";"A";"";2022;266,286977
"246800726";"EPCI";"2";"Y_GE15";"1";"_T";"POP";"A";"";2022;3653,861899
"243700820";"EPCI";"2";"Y_GE15";"1";"_T";"POP";"A";"";2022;272,518459
"200035137";"EPCI";"2";"Y_GE15";"1";"_T";"POP";"A";"";2022;162,731135
"200069847";"EPCI";"2";"Y_GE15";"1";"_T";"POP";"A";"";2022;253,19935
"200068864";"EPCI";"2";"Y_GE15";"1";"_T";"POP";"A";"";2022;468,2137
"200043065";"EPCI";"2";"Y_GE15";"1";"_T";"POP";"A";"";2022;534,974903
"200067676";"EPCI";"2";"Y_GE15";"1";"_T";"POP";"A";"";2022;390,447962
"247300668";"EPCI";"2";"Y_GE15";"1";"_T";"POP";"A";"";2022;96,866561
"247104094";"EPCI";"2";"Y_GE15";"1";"_T";"POP";"A";"";2022;204,427313
"200070787";"EPCI";"2";"Y_GE15";"1";"_T";"POP";"A";"";2022;325,179693
"200030195";"EPCI";"2";"Y_GE15";"1";"_T";"POP";"A";"";2022;22792,8504
"200072684";"EPCI";"2";"Y_GE15";"1";"_T";"POP";"A";"";2022;357,350408
"200067429";"EPCI";"2";"Y_GE15";"1";"_T";"POP";"A";"";2022;367,389666
"200000628";"EPCI";"2";"Y_GE15";"1";"_T";"POP";"A";"";2022;308,184924
"240700716";"EPCI";"2";"Y_GE15";"1";"_T";"POP";"A";"";2022;82,109804
"242600252";"EPCI";"2";"Y_GE15";"1";"_T";"POP";"A";"";2022;466,693047
"247200686";"EPCI";"2";"Y_GE15";"1";"_T";"POP";"A";"";2022;687,979827
"242852465";"EPCI";"2";"Y_GE15";"1";"_T";"POP";"A";"";2022;214,523245
"241800424";"EPCI";"2";"Y_GE15";"1";"_T";"POP";"A";"";2022;109,269581
"200067064";"EPCI";"2";"Y_GE15";"1";"_T";"POP";"A";"";2022;343,109007
"200033181";"EPCI";"2";"Y_GE15";"1";"_T";"POP";"A";"";2022;3758,067017
"200033025";"EPCI";"2";"Y_GE15";"1";"_T";"POP";"A";"";2022;1374,510071
"200072700";"EPCI";"2";"Y_GE15";"1";"_T";"POP";"A";"";2022;310,916266
"242101434";"EPCI";"2";"Y_GE15";"1";"_T";"POP";"A";"";2022;641,748106
"245700133";"EPCI";"2";"Y_GE15";"1";"_T";"POP";"A";"";2022;346,503034
"247100290";"EPCI";"2";"Y_GE15";"1";"_T";"POP";"A";"";2022;1670,401479
"200007052";"EPCI";"2";"Y_GE15";"1";"_T";"POP";"A";"";2022;110,718316
"200096642";"EPCI";"2";"Y_GE15";"1";"_T";"POP";"A";"";2022;688,067051
"200040681";"EPCI";"2";"Y_GE15";"1";"_T";"POP";"A";"";2022;496,567703
"200073120";"EPCI";"2";"Y_GE15";"1";"_T";"POP";"A";"";2022;220,363817
"200067684";"EPCI";"2";"Y_GE15";"1";"_T";"POP";"A";"";2022;2054,60454
"240100891";"EPCI";"2";"Y_GE15";"1";"_T";"POP";"A";"";2022;585,772874
"242020105";"EPCI";"2";"Y_GE15";"1";"_T";"POP";"A";"";2022;1223,329617
"248300543";"EPCI";"2";"Y_GE15";"1";"_T";"POP";"A";"";2022;13212,68111
"200011781";"EPCI";"2";"Y_GE15";"1";"_T";"POP";"A";"";2022;92,639528
"200071751";"EPCI";"2";"Y_GE15";"1";"_T";"POP";"A";"";2022;3284,976929
"200039055";"EPCI";"2";"Y_GE15";"1";"_T";"POP";"A";"";2022;144,903033
"244301016";"EPCI";"2";"Y_GE15";"1";"_T";"POP";"A";"";2022;443,484559
"245900758";"EPCI";"2";"Y_GE15";"1";"_T";"POP";"A";"";2022;552,620936
"242900710";"EPCI";"2";"Y_GE15";"1";"_T";"POP";"A";"";2022;217,619716
"241501089";"EPCI";"2";"Y_GE15";"1";"_T";"POP";"A";"";2022;122,244161
"243301249";"EPCI";"2";"Y_GE15";"1";"_T";"POP";"A";"";2022;205,66733
"244000857";"EPCI";"2";"Y_GE15";"1";"_T";"POP";"A";"";2022;179,197903
"200066868";"EPCI";"2";"Y_GE15";"1";"_T";"POP";"A";"";2022;473,535012
"248500662";"EPCI";"2";"Y_GE15";"1";"_T";"POP";"A";"";2022;457,599997
"245300447";"EPCI";"2";"Y_GE15";"1";"_T";"POP";"A";"";2022;771,281333
"200069698";"EPCI";"2";"Y_GE15";"1";"_T";"POP";"A";"";2022;456,547048
"200067239";"EPCI";"2";"Y_GE15";"1";"_T";"POP";"A";"";2022;289,362063
"200040384";"EPCI";"2";"Y_GE15";"1";"_T";"POP";"A";"";2022;170,093669
"241800432";"EPCI";"2";"Y_GE15";"1";"_T";"POP";"A";"";2022;118,557343
"243600343";"EPCI";"2";"Y_GE15";"1";"_T";"POP";"A";"";2022;85,598223
"242100410";"EPCI";"2";"Y_GE15";"1";"_T";"POP";"A";"";2022;10663,451432
"243200607";"EPCI";"2";"Y_GE15";"1";"_T";"POP";"A";"";2022;176,994277
"242900769";"EPCI";"2";"Y_GE15";"1";"_T";"POP";"A";"";2022;905,890407
"248900664";"EPCI";"2";"Y_GE15";"1";"_T";"POP";"A";"";2022;127,334277
"200073161";"EPCI";"2";"Y_GE15";"1";"_T";"POP";"A";"";2022;347,406964
"200073138";"EPCI";"2";"Y_GE15";"1";"_T";"POP";"A";"";2022;94,094675
"244400644";"EPCI";"2";"Y_GE15";"1";"_T";"POP";"A";"";2022;2223,487414
"242000503";"EPCI";"2";"Y_GE15";"1";"_T";"POP";"A";"";2022;97,198231
"244500484";"EPCI";"2";"Y_GE15";"1";"_T";"POP";"A";"";2022;214,048498
"200035533";"EPCI";"2";"Y_GE15";"1";"_T";"POP";"A";"";2022;285,685969
"200066652";"EPCI";"2";"Y_GE15";"1";"_T";"POP";"A";"";2022;428,888805
"200034726";"EPCI";"2";"Y_GE15";"1";"_T";"POP";"A";"";2022;209,898948
"200068542";"EPCI";"2";"Y_GE15";"1";"_T";"POP";"A";"";2022;813,478562
"200034031";"EPCI";"2";"Y_GE15";"1";"_T";"POP";"A";"";2022;198,581497
"200042000";"EPCI";"2";"Y_GE15";"1";"_T";"POP";"A";"";2022;308,752194
"200066603";"EPCI";"2";"Y_GE15";"1";"_T";"POP";"A";"";2022;131,439419
"244301131";"EPCI";"2";"Y_GE15";"1";"_T";"POP";"A";"";2022;317,172967
"243301504";"EPCI";"2";"Y_GE15";"1";"_T";"POP";"A";"";2022;689,485354
"247600588";"EPCI";"2";"Y_GE15";"1";"_T";"POP";"A";"";2022;895,281131
"247300528";"EPCI";"2";"Y_GE15";"1";"_T";"POP";"A";"";2022;137,731139
"243400736";"EPCI";"2";"Y_GE15";"1";"_T";"POP";"A";"";2022;339,280676
"200072072";"EPCI";"2";"Y_GE15";"1";"_T";"POP";"A";"";2022;1112,702558
"200066975";"EPCI";"2";"Y_GE15";"1";"_T";"POP";"A";"";2022;653,847095
"200066850";"EPCI";"2";"Y_GE15";"1";"_T";"POP";"A";"";2022;553,112609
"248100158";"EPCI";"2";"Y_GE15";"1";"_T";"POP";"A";"";2022;246,397353
"248900524";"EPCI";"2";"Y_GE15";"1";"_T";"POP";"A";"";2022;125,612048
"243400769";"EPCI";"2";"Y_GE15";"1";"_T";"POP";"A";"";2022;2968,602772
"243600301";"EPCI";"2";"Y_GE15";"1";"_T";"POP";"A";"";2022;197,666139
"244000766";"EPCI";"2";"Y_GE15";"1";"_T";"POP";"A";"";2022;163,396403
"200035541";"EPCI";"2";"Y_GE15";"1";"_T";"POP";"A";"";2022;136,537583
"200069482";"EPCI";"2";"Y_GE15";"1";"_T";"POP";"A";"";2022;453,553388
"200033579";"EPCI";"2";"Y_GE15";"1";"_T";"POP";"A";"";2022;3411,134615
"243400819";"EPCI";"2";"Y_GE15";"1";"_T";"POP";"A";"";2022;1995,075718
"243801073";"EPCI";"2";"Y_GE15";"1";"_T";"POP";"A";"";2022;248,255786
"200040475";"EPCI";"2";"Y_GE15";"1";"_T";"POP";"A";"";2022;327,593362
"200070662";"EPCI";"2";"Y_GE15";"1";"_T";"POP";"A";"";2022;488,537771
"200066041";"EPCI";"2";"Y_GE15";"1";"_T";"POP";"A";"";2022;743,60191
"200043016";"EPCI";"2";"Y_GE15";"1";"_T";"POP";"A";"";2022;349,493994
"200067692";"EPCI";"2";"Y_GE15";"1";"_T";"POP";"A";"";2022;181,196328
"200066587";"EPCI";"2";"Y_GE15";"1";"_T";"POP";"A";"";2022;781,59201
"244000659";"EPCI";"2";"Y_GE15";"1";"_T";"POP";"A";"";2022;241,437759
"244000543";"EPCI";"2";"Y_GE15";"1";"_T";"POP";"A";"";2022;174,366524
"240300566";"EPCI";"2";"Y_GE15";"1";"_T";"POP";"A";"";2022;65,312533
"200040558";"EPCI";"2";"Y_GE15";"1";"_T";"POP";"A";"";2022;232,78879
"241200542";"EPCI";"2";"Y_GE15";"1";"_T";"POP";"A";"";2022;287,569753
"244800405";"EPCI";"2";"Y_GE15";"1";"_T";"POP";"A";"";2022;837,50562
"248000747";"EPCI";"2";"Y_GE15";"1";"_T";"POP";"A";"";2022;763,354723
"243801024";"EPCI";"2";"Y_GE15";"1";"_T";"POP";"A";"";2022;504,751935
"248700189";"EPCI";"2";"Y_GE15";"1";"_T";"POP";"A";"";2022;304,569502
"200066512";"EPCI";"2";"Y_GE15";"1";"_T";"POP";"A";"";2022;324,086731
"200068146";"EPCI";"2";"Y_GE15";"1";"_T";"POP";"A";"";2022;1036,847423
"200041283";"EPCI";"2";"Y_GE15";"1";"_T";"POP";"A";"";2022;232,181444
"247200090";"EPCI";"2";"Y_GE15";"1";"_T";"POP";"A";"";2022;842,92568
"200066371";"EPCI";"2";"Y_GE15";"1";"_T";"POP";"A";"";2022;1049,933035
"200069128";"EPCI";"2";"Y_GE15";"1";"_T";"POP";"A";"";2022;160,471125
"200089456";"EPCI";"2";"Y_GE15";"1";"_T";"POP";"A";"";2022;1800,407573
"200067957";"EPCI";"2";"Y_GE15";"1";"_T";"POP";"A";"";2022;206,390849
"200072130";"EPCI";"2";"Y_GE15";"1";"_T";"POP";"A";"";2022;2696,093099
"200069656";"EPCI";"2";"Y_GE15";"1";"_T";"POP";"A";"";2022;218,086659
"200070993";"EPCI";"2";"Y_GE15";"1";"_T";"POP";"A";"";2022;1433,012296
"200058485";"EPCI";"2";"Y_GE15";"1";"_T";"POP";"A";"";2022;5463,246731
"200054781";"EPCI";"2";"Y_GE15";"1";"_T";"POP";"A";"";2022;290492,600964
"247103765";"EPCI";"2";"Y_GE15";"1";"_T";"POP";"A";"";2022;168,348343
"200049211";"EPCI";"2";"Y_GE15";"1";"_T";"POP";"A";"";2022;673,182029
"200077014";"EPCI";"2";"Y_GE15";"1";"_T";"POP";"A";"";2022;1967,715171
"200070845";"EPCI";"2";"Y_GE15";"1";"_T";"POP";"A";"";2022;805,546238
"200035111";"EPCI";"2";"Y_GE15";"1";"_T";"POP";"A";"";2022;334,188027
"200071983";"EPCI";"2";"Y_GE15";"1";"_T";"POP";"A";"";2022;397,009173
"242600534";"EPCI";"2";"Y_GE15";"1";"_T";"POP";"A";"";2022;641,439349
"246701064";"EPCI";"2";"Y_GE15";"1";"_T";"POP";"A";"";2022;865,64453
"242900744";"EPCI";"2";"Y_GE15";"1";"_T";"POP";"A";"";2022;451,876886
"240200584";"EPCI";"2";"Y_GE15";"1";"_T";"POP";"A";"";2022;314,063584
"200034056";"EPCI";"2";"Y_GE15";"1";"_T";"POP";"A";"";2022;173,000962
"200071850";"EPCI";"2";"Y_GE15";"1";"_T";"POP";"A";"";2022;403,89027
"200000172";"EPCI";"2";"Y_GE15";"1";"_T";"POP";"A";"";2022;730,71129
"200071033";"EPCI";"2";"Y_GE15";"1";"_T";"POP";"A";"";2022;53,855159
"245600465";"EPCI";"2";"Y_GE15";"1";"_T";"POP";"A";"";2022;223,589171
"248400285";"EPCI";"2";"Y_GE15";"1";"_T";"POP";"A";"";2022;444,108275
"243000585";"EPCI";"2";"Y_GE15";"1";"_T";"POP";"A";"";2022;545,694706
"244000881";"EPCI";"2";"Y_GE15";"1";"_T";"POP";"A";"";2022;95,495097
"246000129";"EPCI";"2";"Y_GE15";"1";"_T";"POP";"A";"";2022;421,457877
"200070977";"EPCI";"2";"Y_GE15";"1";"_T";"POP";"A";"";2022;738,755143
"248719288";"EPCI";"2";"Y_GE15";"1";"_T";"POP";"A";"";2022;151,126848
"241200807";"EPCI";"2";"Y_GE15";"1";"_T";"POP";"A";"";2022;164,020459
"200040889";"EPCI";"2";"Y_GE15";"1";"_T";"POP";"A";"";2022;179,968778
"200041333";"EPCI";"2";"Y_GE15";"1";"_T";"POP";"A";"";2022;781,874066
"200039642";"EPCI";"2";"Y_GE15";"1";"_T";"POP";"A";"";2022;516,09005
"200067759";"EPCI";"2";"Y_GE15";"1";"_T";"POP";"A";"";2022;509,666913
"200029734";"EPCI";"2";"Y_GE15";"1";"_T";"POP";"A";"";2022;400,153759
"200039907";"EPCI";"2";"Y_GE15";"1";"_T";"POP";"A";"";2022;224,783637
"246000921";"EPCI";"2";"Y_GE15";"1";"_T";"POP";"A";"";2022;513,910939
"243100732";"EPCI";"2";"Y_GE15";"1";"_T";"POP";"A";"";2022;168,265489
"245614433";"EPCI";"2";"Y_GE15";"1";"_T";"POP";"A";"";2022;868,838163
"200072981";"EPCI";"2";"Y_GE15";"1";"_T";"POP";"A";"";2022;436,224728
"200040954";"EPCI";"2";"Y_GE15";"1";"_T";"POP";"A";"";2022;812,764683
"200068070";"EPCI";"2";"Y_GE15";"1";"_T";"POP";"A";"";2022;631,379482
"200044469";"EPCI";"2";"Y_GE15";"1";"_T";"POP";"A";"";2022;235,459033
"200073245";"EPCI";"2";"Y_GE15";"1";"_T";"POP";"A";"";2022;805,8608
"200027076";"EPCI";"2";"Y_GE15";"1";"_T";"POP";"A";"";2022;146,015446
"200068872";"EPCI";"2";"Y_GE15";"1";"_T";"POP";"A";"";2022;400,109554
"242500320";"EPCI";"2";"Y_GE15";"1";"_T";"POP";"A";"";2022;184,689218
"247400682";"EPCI";"2";"Y_GE15";"1";"_T";"POP";"A";"";2022;638,827801
"242900645";"EPCI";"2";"Y_GE15";"1";"_T";"POP";"A";"";2022;499,767693
"243301223";"EPCI";"2";"Y_GE15";"1";"_T";"POP";"A";"";2022;367,683002
"200066124";"EPCI";"2";"Y_GE15";"1";"_T";"POP";"A";"";2022;1135,674004
"200040350";"EPCI";"2";"Y_GE15";"1";"_T";"POP";"A";"";2022;931,743187
"200071777";"EPCI";"2";"Y_GE15";"1";"_T";"POP";"A";"";2022;334,297162
"200041556";"EPCI";"2";"Y_GE15";"1";"_T";"POP";"A";"";2022;109,159078
"241100593";"EPCI";"2";"Y_GE15";"1";"_T";"POP";"A";"";2022;3260,807867
"249500430";"EPCI";"2";"Y_GE15";"1";"_T";"POP";"A";"";2022;188,441973
"241000488";"EPCI";"2";"Y_GE15";"1";"_T";"POP";"A";"";2022;118,341131
"200006930";"EPCI";"2";"Y_GE15";"1";"_T";"POP";"A";"";2022;359,17818
"200070712";"EPCI";"2";"Y_GE15";"1";"_T";"POP";"A";"";2022;640,173332
"200067247";"EPCI";"2";"Y_GE15";"1";"_T";"POP";"A";"";2022;441,094941
"200071827";"EPCI";"2";"Y_GE15";"1";"_T";"POP";"A";"";2022;2919,483652
"243800745";"EPCI";"2";"Y_GE15";"1";"_T";"POP";"A";"";2022;1153,261134
"242020071";"EPCI";"2";"Y_GE15";"1";"_T";"POP";"A";"";2022;602,19379
"245400171";"EPCI";"2";"Y_GE15";"1";"_T";"POP";"A";"";2022;406,089845
"242504496";"EPCI";"2";"Y_GE15";"1";"_T";"POP";"A";"";2022;139,339347
"249500455";"EPCI";"2";"Y_GE15";"1";"_T";"POP";"A";"";2022;587,730841
"241700434";"EPCI";"2";"Y_GE15";"1";"_T";"POP";"A";"";2022;4066,363342
"246300966";"EPCI";"2";"Y_GE15";"1";"_T";"POP";"A";"";2022;623,507703
"240800920";"EPCI";"2";"Y_GE15";"1";"_T";"POP";"A";"";2022;536,655343
"200068005";"EPCI";"2";"Y_GE15";"1";"_T";"POP";"A";"";2022;414,347991
"200039519";"EPCI";"2";"Y_GE15";"1";"_T";"POP";"A";"";2022;162,345874
"200035327";"EPCI";"2";"Y_GE15";"1";"_T";"POP";"A";"";2022;80,996231
"200065647";"EPCI";"2";"Y_GE15";"1";"_T";"POP";"A";"";2022;2433,781186
"200035707";"EPCI";"2";"Y_GE15";"1";"_T";"POP";"A";"";2022;294,064899
"249500109";"EPCI";"2";"Y_GE15";"1";"_T";"POP";"A";"";2022;4971,332382
"200066926";"EPCI";"2";"Y_GE15";"1";"_T";"POP";"A";"";2022;1242,076247
"200069235";"EPCI";"2";"Y_GE15";"1";"_T";"POP";"A";"";2022;325,503318
"243100567";"EPCI";"2";"Y_GE15";"1";"_T";"POP";"A";"";2022;383,592996
"240800862";"EPCI";"2";"Y_GE15";"1";"_T";"POP";"A";"";2022;363,514481
"244000824";"EPCI";"2";"Y_GE15";"1";"_T";"POP";"A";"";2022;89,636171
"200042182";"EPCI";"2";"Y_GE15";"1";"_T";"POP";"A";"";2022;354,969157
"240200600";"EPCI";"2";"Y_GE15";"1";"_T";"POP";"A";"";2022;545,208252
"200069730";"EPCI";"2";"Y_GE15";"1";"_T";"POP";"A";"";2022;652,794516
"244500468";"EPCI";"2";"Y_GE15";"1";"_T";"POP";"A";"";2022;8409,544325
"246000855";"EPCI";"2";"Y_GE15";"1";"_T";"POP";"A";"";2022;265,810838
"200067379";"EPCI";"2";"Y_GE15";"1";"_T";"POP";"A";"";2022;170,047808
"200069748";"EPCI";"2";"Y_GE15";"1";"_T";"POP";"A";"";2022;311,962162
"200067130";"EPCI";"2";"Y_GE15";"1";"_T";"POP";"A";"";2022;725,395345
"200040210";"EPCI";"2";"Y_GE15";"1";"_T";"POP";"A";"";2022;291,852337
"200068443";"EPCI";"2";"Y_GE15";"1";"_T";"POP";"A";"";2022;316,479261
"200005932";"EPCI";"2";"Y_GE15";"1";"_T";"POP";"A";"";2022;201,374244
"200005957";"EPCI";"2";"Y_GE15";"1";"_T";"POP";"A";"";2022;248,437008
"242500338";"EPCI";"2";"Y_GE15";"1";"_T";"POP";"A";"";2022;1590,900099
"246600282";"EPCI";"2";"Y_GE15";"1";"_T";"POP";"A";"";2022;371,153214
"246500573";"EPCI";"2";"Y_GE15";"1";"_T";"POP";"A";"";2022;537,647814
"244400552";"EPCI";"2";"Y_GE15";"1";"_T";"POP";"A";"";2022;951,685239
"200040418";"EPCI";"2";"Y_GE15";"1";"_T";"POP";"A";"";2022;176,243007
"200034098";"EPCI";"2";"Y_GE15";"1";"_T";"POP";"A";"";2022;358,41037
"243301439";"EPCI";"2";"Y_GE15";"1";"_T";"POP";"A";"";2022;180,534573
"200069151";"EPCI";"2";"Y_GE15";"1";"_T";"POP";"A";"";2022;426,283568
"200066777";"EPCI";"2";"Y_GE15";"1";"_T";"POP";"A";"";2022;871,206442
"200027217";"EPCI";"2";"Y_GE15";"1";"_T";"POP";"A";"";2022;420,123555
"200068757";"EPCI";"2";"Y_GE15";"1";"_T";"POP";"A";"";2022;2863,440812
"240100610";"EPCI";"2";"Y_GE15";"1";"_T";"POP";"A";"";2022;594,351331
"200072460";"EPCI";"2";"Y_GE15";"1";"_T";"POP";"A";"";2022;3863,136074
"200048551";"EPCI";"2";"Y_GE15";"1";"_T";"POP";"A";"";2022;601,903729
"247800618";"EPCI";"2";"Y_GE15";"1";"_T";"POP";"A";"";2022;555,631579
"246700843";"EPCI";"2";"Y_GE15";"1";"_T";"POP";"A";"";2022;182,951557
"244400404";"EPCI";"2";"Y_GE15";"1";"_T";"POP";"A";"";2022;18686,996897
"244200820";"EPCI";"2";"Y_GE15";"1";"_T";"POP";"A";"";2022;149,394484
"200069458";"EPCI";"2";"Y_GE15";"1";"_T";"POP";"A";"";2022;379,25269
"200066413";"EPCI";"2";"Y_GE15";"1";"_T";"POP";"A";"";2022;1147,544748
"200041317";"EPCI";"2";"Y_GE15";"1";"_T";"POP";"A";"";2022;3063,718565
"200054807";"EPCI";"2";"Y_GE15";"1";"_T";"POP";"A";"";2022;52745,50849
"248200057";"EPCI";"2";"Y_GE15";"1";"_T";"POP";"A";"";2022;369,994093
"242504371";"EPCI";"2";"Y_GE15";"1";"_T";"POP";"A";"";2022;123,661609
"248900938";"EPCI";"2";"Y_GE15";"1";"_T";"POP";"A";"";2022;542,007305
"245614417";"EPCI";"2";"Y_GE15";"1";"_T";"POP";"A";"";2022;531,561997
"244100293";"EPCI";"2";"Y_GE15";"1";"_T";"POP";"A";"";2022;170,070847
"243600236";"EPCI";"2";"Y_GE15";"1";"_T";"POP";"A";"";2022;538,855634
"200066769";"EPCI";"2";"Y_GE15";"1";"_T";"POP";"A";"";2022;219,327144
"200072734";"EPCI";"2";"Y_GE15";"1";"_T";"POP";"A";"";2022;416,42267
"200069185";"EPCI";"2";"Y_GE15";"1";"_T";"POP";"A";"";2022;401,895506
"200068807";"EPCI";"2";"Y_GE15";"1";"_T";"POP";"A";"";2022;377,440136
"200069268";"EPCI";"2";"Y_GE15";"1";"_T";"POP";"A";"";2022;297,508116
"200085728";"EPCI";"2";"Y_GE15";"1";"_T";"POP";"A";"";2022;560,39282
"200040202";"EPCI";"2";"Y_GE15";"1";"_T";"POP";"A";"";2022;412,184897
"200067072";"EPCI";"2";"Y_GE15";"1";"_T";"POP";"A";"";2022;701,178388
"200068765";"EPCI";"2";"Y_GE15";"1";"_T";"POP";"A";"";2022;890,284405
"241200625";"EPCI";"2";"Y_GE15";"1";"_T";"POP";"A";"";2022;133,137606
"246700306";"EPCI";"2";"Y_GE15";"1";"_T";"POP";"A";"";2022;435,995625
"245500327";"EPCI";"2";"Y_GE15";"1";"_T";"POP";"A";"";2022;270,118083
"242600492";"EPCI";"2";"Y_GE15";"1";"_T";"POP";"A";"";2022;279,571632
"200043263";"EPCI";"2";"Y_GE15";"1";"_T";"POP";"A";"";2022;551,957843
"200041689";"EPCI";"2";"Y_GE15";"1";"_T";"POP";"A";"";2022;920,545235
"200041515";"EPCI";"2";"Y_GE15";"1";"_T";"POP";"A";"";2022;970,697546
"200073112";"EPCI";"2";"Y_GE15";"1";"_T";"POP";"A";"";2022;336,850154
"243600202";"EPCI";"2";"Y_GE15";"1";"_T";"POP";"A";"";2022;137,431374
"247300817";"EPCI";"2";"Y_GE15";"1";"_T";"POP";"A";"";2022;548,309982
"200033173";"EPCI";"2";"Y_GE15";"1";"_T";"POP";"A";"";2022;389,591186
"200035442";"EPCI";"2";"Y_GE15";"1";"_T";"POP";"A";"";2022;569,59059
"200042372";"EPCI";"2";"Y_GE15";"1";"_T";"POP";"A";"";2022;207,920432
"246100390";"EPCI";"2";"Y_GE15";"1";"_T";"POP";"A";"";2022;90,563574
"243500733";"EPCI";"2";"Y_GE15";"1";"_T";"POP";"A";"";2022;475,098456
"242504488";"EPCI";"2";"Y_GE15";"1";"_T";"POP";"A";"";2022;196,460186
"248100737";"EPCI";"2";"Y_GE15";"1";"_T";"POP";"A";"";2022;2053,275093
"249500513";"EPCI";"2";"Y_GE15";"1";"_T";"POP";"A";"";2022;370,821597
"246600373";"EPCI";"2";"Y_GE15";"1";"_T";"POP";"A";"";2022;457,500302
"200096634";"EPCI";"2";"Y_GE15";"1";"_T";"POP";"A";"";2022;471,825613
"200035632";"EPCI";"2";"Y_GE15";"1";"_T";"POP";"A";"";2022;120,208871
"247600505";"EPCI";"2";"Y_GE15";"1";"_T";"POP";"A";"";2022;178,447445
"200066645";"EPCI";"2";"Y_GE15";"1";"_T";"POP";"A";"";2022;149,174323
"200029999";"EPCI";"2";"Y_GE15";"1";"_T";"POP";"A";"";2022;276,743348
"200041051";"EPCI";"2";"Y_GE15";"1";"_T";"POP";"A";"";2022;146,983922
"200040095";"EPCI";"2";"Y_GE15";"1";"_T";"POP";"A";"";2022;221,959063
"200066678";"EPCI";"2";"Y_GE15";"1";"_T";"POP";"A";"";2022;610,070617
"200017846";"EPCI";"2";"Y_GE15";"1";"_T";"POP";"A";"";2022;1602,601505
"200040293";"EPCI";"2";"Y_GE15";"1";"_T";"POP";"A";"";2022;572,619731
"200036465";"EPCI";"2";"Y_GE15";"1";"_T";"POP";"A";"";2022;922,403691
"200066355";"EPCI";"2";"Y_GE15";"1";"_T";"POP";"A";"";2022;3742,097204
"200066165";"EPCI";"2";"Y_GE15";"1";"_T";"POP";"A";"";2022;168,064901
"248400236";"EPCI";"2";"Y_GE15";"1";"_T";"POP";"A";"";2022;1138,121728
"248719353";"EPCI";"2";"Y_GE15";"1";"_T";"POP";"A";"";2022;172,645038
"200073344";"EPCI";"2";"Y_GE15";"1";"_T";"POP";"A";"";2022;1776,919206
"200040111";"EPCI";"2";"Y_GE15";"1";"_T";"POP";"A";"";2022;376,839415
"200041960";"EPCI";"2";"Y_GE15";"1";"_T";"POP";"A";"";2022;1183,764588
"200072874";"EPCI";"2";"Y_GE15";"1";"_T";"POP";"A";"";2022;442,0805
"246900765";"EPCI";"2";"Y_GE15";"1";"_T";"POP";"A";"";2022;322,496488
"245501176";"EPCI";"2";"Y_GE15";"1";"_T";"POP";"A";"";2022;67,398571
"241400555";"EPCI";"2";"Y_GE15";"1";"_T";"POP";"A";"";2022;1178,053713
"200066876";"EPCI";"2";"Y_GE15";"1";"_T";"POP";"A";"";2022;3088,73104
"200069623";"EPCI";"2";"Y_GE15";"1";"_T";"POP";"A";"";2022;765,9416
"200043693";"EPCI";"2";"Y_GE15";"1";"_T";"POP";"A";"";2022;200,978239
"200090504";"EPCI";"2";"Y_GE15";"1";"_T";"POP";"A";"";2022;1482,874885
"200034197";"EPCI";"2";"Y_GE15";"1";"_T";"POP";"A";"";2022;121,554204
"200006716";"EPCI";"2";"Y_GE15";"1";"_T";"POP";"A";"";2022;454,033042
"200069672";"EPCI";"2";"Y_GE15";"1";"_T";"POP";"A";"";2022;794,377935
"200071363";"EPCI";"2";"Y_GE15";"1";"_T";"POP";"A";"";2022;2449,123186
"200067213";"EPCI";"2";"Y_GE15";"1";"_T";"POP";"A";"";2022;10218,941009
"249500489";"EPCI";"2";"Y_GE15";"1";"_T";"POP";"A";"";2022;984,90214
"249000241";"EPCI";"2";"Y_GE15";"1";"_T";"POP";"A";"";2022;386,769386
"242504355";"EPCI";"2";"Y_GE15";"1";"_T";"POP";"A";"";2022;102,83967
"200035087";"EPCI";"2";"Y_GE15";"1";"_T";"POP";"A";"";2022;997,329441
"200071215";"EPCI";"2";"Y_GE15";"1";"_T";"POP";"A";"";2022;373,960724
"200034205";"EPCI";"2";"Y_GE15";"1";"_T";"POP";"A";"";2022;181,126651
"200067106";"EPCI";"2";"Y_GE15";"1";"_T";"POP";"A";"";2022;6739,266862
"248400319";"EPCI";"2";"Y_GE15";"1";"_T";"POP";"A";"";2022;690,286994
"243801255";"EPCI";"2";"Y_GE15";"1";"_T";"POP";"A";"";2022;273,744242
"243100773";"EPCI";"2";"Y_GE15";"1";"_T";"POP";"A";"";2022;244,171228
"247600646";"EPCI";"2";"Y_GE15";"1";"_T";"POP";"A";"";2022;367,072121
"241200674";"EPCI";"2";"Y_GE15";"1";"_T";"POP";"A";"";2022;88,247206
"200056232";"EPCI";"2";"Y_GE15";"1";"_T";"POP";"A";"";2022;8777,440308
"240400440";"EPCI";"2";"Y_GE15";"1";"_T";"POP";"A";"";2022;331,802335
"200040442";"EPCI";"2";"Y_GE15";"1";"_T";"POP";"A";"";2022;1099,546256
"200038990";"EPCI";"2";"Y_GE15";"1";"_T";"POP";"A";"";2022;389,976839
"200033827";"EPCI";"2";"Y_GE15";"1";"_T";"POP";"A";"";2022;173,882007
"200032514";"EPCI";"2";"Y_GE15";"1";"_T";"POP";"A";"";2022;58,375233
"200067460";"EPCI";"2";"Y_GE15";"1";"_T";"POP";"A";"";2022;1128,601357
"244000774";"EPCI";"2";"Y_GE15";"1";"_T";"POP";"A";"";2022;91,800026
"244600433";"EPCI";"2";"Y_GE15";"1";"_T";"POP";"A";"";2022;276,257544
"200069037";"EPCI";"2";"Y_GE15";"1";"_T";"POP";"A";"";2022;2132,434669
"200035129";"EPCI";"2";"Y_GE15";"1";"_T";"POP";"A";"";2022;307,188122
"200067445";"EPCI";"2";"Y_GE15";"1";"_T";"POP";"A";"";2022;355,103419
"200071785";"EPCI";"2";"Y_GE15";"1";"_T";"POP";"A";"";2022;1087,817511
"248400293";"EPCI";"2";"Y_GE15";"1";"_T";"POP";"A";"";2022;733,841148
"248719338";"EPCI";"2";"Y_GE15";"1";"_T";"POP";"A";"";2022;80,344521
"200036549";"EPCI";"2";"Y_GE15";"1";"_T";"POP";"A";"";2022;588,257425
"200066637";"EPCI";"2";"Y_GE15";"1";"_T";"POP";"A";"";2022;514,047805
"200070829";"EPCI";"2";"Y_GE15";"1";"_T";"POP";"A";"";2022;78,714375
"200068989";"EPCI";"2";"Y_GE15";"1";"_T";"POP";"A";"";2022;1966,552563
"200059392";"EPCI";"2";"Y_GE15";"1";"_T";"POP";"A";"";2022;773,763491
"200071074";"EPCI";"2";"Y_GE15";"1";"_T";"POP";"A";"";2022;273,089463
"200034957";"EPCI";"2";"Y_GE15";"1";"_T";"POP";"A";"";2022;220,030219
"200036523";"EPCI";"2";"Y_GE15";"1";"_T";"POP";"A";"";2022;309,719614
"200071520";"EPCI";"2";"Y_GE15";"1";"_T";"POP";"A";"";2022;413,330262
"200068948";"EPCI";"2";"Y_GE15";"1";"_T";"POP";"A";"";2022;485,566659
"200037133";"EPCI";"2";"Y_GE15";"1";"_T";"POP";"A";"";2022;967,562598
"247700594";"EPCI";"2";"Y_GE15";"1";"_T";"POP";"A";"";2022;2092,216848
"246400337";"EPCI";"2";"Y_GE15";"1";"_T";"POP";"A";"";2022;245,031923
"246700488";"EPCI";"2";"Y_GE15";"1";"_T";"POP";"A";"";2022;15652,897507
"245701362";"EPCI";"2";"Y_GE15";"1";"_T";"POP";"A";"";2022;2059,615902
"242100154";"EPCI";"2";"Y_GE15";"1";"_T";"POP";"A";"";2022;269,824407
"243900420";"EPCI";"2";"Y_GE15";"1";"_T";"POP";"A";"";2022;116,721304
"247300015";"EPCI";"2";"Y_GE15";"1";"_T";"POP";"A";"";2022;154,910084
"200040137";"EPCI";"2";"Y_GE15";"1";"_T";"POP";"A";"";2022;240,769848
"200042653";"EPCI";"2";"Y_GE15";"1";"_T";"POP";"A";"";2022;388,348615
"200041465";"EPCI";"2";"Y_GE15";"1";"_T";"POP";"A";"";2022;353,055517
"200034411";"EPCI";"2";"Y_GE15";"1";"_T";"POP";"A";"";2022;432,761334
"200069086";"EPCI";"2";"Y_GE15";"1";"_T";"POP";"A";"";2022;347,2843
"200071553";"EPCI";"2";"Y_GE15";"1";"_T";"POP";"A";"";2022;753,73012
"245701206";"EPCI";"2";"Y_GE15";"1";"_T";"POP";"A";"";2022;677,561755
"244400438";"EPCI";"2";"Y_GE15";"1";"_T";"POP";"A";"";2022;416,319294
"245801063";"EPCI";"2";"Y_GE15";"1";"_T";"POP";"A";"";2022;57,29144
"244400503";"EPCI";"2";"Y_GE15";"1";"_T";"POP";"A";"";2022;633,82087
"200069763";"EPCI";"2";"Y_GE15";"1";"_T";"POP";"A";"";2022;413,981804
"200040426";"EPCI";"2";"Y_GE15";"1";"_T";"POP";"A";"";2022;226,585637
"200069441";"EPCI";"2";"Y_GE15";"1";"_T";"POP";"A";"";2022;551,990656
"200041416";"EPCI";"2";"Y_GE15";"1";"_T";"POP";"A";"";2022;114,378551
"200040491";"EPCI";"2";"Y_GE15";"1";"_T";"POP";"A";"";2022;675,410479
"240900431";"EPCI";"2";"Y_GE15";"1";"_T";"POP";"A";"";2022;218,322976
"200043438";"EPCI";"2";"Y_GE15";"1";"_T";"POP";"A";"";2022;132,284424
"200073252";"EPCI";"2";"Y_GE15";"1";"_T";"POP";"A";"";2022;167,982071
"200034718";"EPCI";"2";"Y_GE15";"1";"_T";"POP";"A";"";2022;772,147253
"200040657";"EPCI";"2";"Y_GE15";"1";"_T";"POP";"A";"";2022;518,289599
"200071173";"EPCI";"2";"Y_GE15";"1";"_T";"POP";"A";"";2022;186,563818
"200072452";"EPCI";"2";"Y_GE15";"1";"_T";"POP";"A";"";2022;1533,494903
"200042174";"EPCI";"2";"Y_GE15";"1";"_T";"POP";"A";"";2022;4326,787448
"247700339";"EPCI";"2";"Y_GE15";"1";"_T";"POP";"A";"";2022;1210,066297
"241200906";"EPCI";"2";"Y_GE15";"1";"_T";"POP";"A";"";2022;268,587339
"200043172";"EPCI";"2";"Y_GE15";"1";"_T";"POP";"A";"";2022;2590,83816
"200034049";"EPCI";"2";"Y_GE15";"1";"_T";"POP";"A";"";2022;217,753963
"200070985";"EPCI";"2";"Y_GE15";"1";"_T";"POP";"A";"";2022;435,670421
"200066520";"EPCI";"2";"Y_GE15";"1";"_T";"POP";"A";"";2022;159,485803
"243500659";"EPCI";"2";"Y_GE15";"1";"_T";"POP";"A";"";2022;349,492239
"247700644";"EPCI";"2";"Y_GE15";"1";"_T";"POP";"A";"";2022;659,476258
"245200597";"EPCI";"2";"Y_GE15";"1";"_T";"POP";"A";"";2022;170,565084
"246700777";"EPCI";"2";"Y_GE15";"1";"_T";"POP";"A";"";2022;158,83484
"244301107";"EPCI";"2";"Y_GE15";"1";"_T";"POP";"A";"";2022;262,183668
"200041150";"EPCI";"2";"Y_GE15";"1";"_T";"POP";"A";"";2022;340,832081
"200069961";"EPCI";"2";"Y_GE15";"1";"_T";"POP";"A";"";2022;873,756027
"200035715";"EPCI";"2";"Y_GE15";"1";"_T";"POP";"A";"";2022;2754,279118
"242400752";"EPCI";"2";"Y_GE15";"1";"_T";"POP";"A";"";2022;265,76012
"243500741";"EPCI";"2";"Y_GE15";"1";"_T";"POP";"A";"";2022;1126,980043
"243800984";"EPCI";"2";"Y_GE15";"1";"_T";"POP";"A";"";2022;1995,933723
"200036069";"EPCI";"2";"Y_GE15";"1";"_T";"POP";"A";"";2022;396,984344
"200035772";"EPCI";"2";"Y_GE15";"1";"_T";"POP";"A";"";2022;187,563039
"200066918";"EPCI";"2";"Y_GE15";"1";"_T";"POP";"A";"";2022;1851,216839
"244701355";"EPCI";"2";"Y_GE15";"1";"_T";"POP";"A";"";2022;213,131339
"248900896";"EPCI";"2";"Y_GE15";"1";"_T";"POP";"A";"";2022;296,095145
"248300410";"EPCI";"2";"Y_GE15";"1";"_T";"POP";"A";"";2022;408,513333
"241400514";"EPCI";"2";"Y_GE15";"1";"_T";"POP";"A";"";2022;637,707267
"243000684";"EPCI";"2";"Y_GE15";"1";"_T";"POP";"A";"";2022;373,170376
"200040798";"EPCI";"2";"Y_GE15";"1";"_T";"POP";"A";"";2022;850,965864
"200071892";"EPCI";"2";"Y_GE15";"1";"_T";"POP";"A";"";2022;2354,257059
"200067478";"EPCI";"2";"Y_GE15";"1";"_T";"POP";"A";"";2022;582,137056
"200072718";"EPCI";"2";"Y_GE15";"1";"_T";"POP";"A";"";2022;264,766245
"200067122";"EPCI";"2";"Y_GE15";"1";"_T";"POP";"A";"";2022;116,354658
"200039808";"EPCI";"2";"Y_GE15";"1";"_T";"POP";"A";"";2022;336,780223
"200071454";"EPCI";"2";"Y_GE15";"1";"_T";"POP";"A";"";2022;2813,480248
"200069599";"EPCI";"2";"Y_GE15";"1";"_T";"POP";"A";"";2022;262,824495
"200090751";"EPCI";"2";"Y_GE15";"1";"_T";"POP";"A";"";2022;2343,357719
"241501055";"EPCI";"2";"Y_GE15";"1";"_T";"POP";"A";"";2022;162,380426
"246200729";"EPCI";"2";"Y_GE15";"1";"_T";"POP";"A";"";2022;4185,809084
"200071876";"EPCI";"2";"Y_GE15";"1";"_T";"POP";"A";"";2022;1856,164072
"200059400";"EPCI";"2";"Y_GE15";"1";"_T";"POP";"A";"";2022;528,53104
"200071942";"EPCI";"2";"Y_GE15";"1";"_T";"POP";"A";"";2022;575,477923
"200067882";"EPCI";"2";"Y_GE15";"1";"_T";"POP";"A";"";2022;343,163082
"200039931";"EPCI";"2";"Y_GE15";"1";"_T";"POP";"A";"";2022;463,987989
"200069136";"EPCI";"2";"Y_GE15";"1";"_T";"POP";"A";"";2022;178,453863
"247100647";"EPCI";"2";"Y_GE15";"1";"_T";"POP";"A";"";2022;101,554417
"243300316";"EPCI";"2";"Y_GE15";"1";"_T";"POP";"A";"";2022;22308,429521
"242900702";"EPCI";"2";"Y_GE15";"1";"_T";"POP";"A";"";2022;509,215649
"247100589";"EPCI";"2";"Y_GE15";"1";"_T";"POP";"A";"";2022;3457,55142
"200067171";"EPCI";"2";"Y_GE15";"1";"_T";"POP";"A";"";2022;599,358412
"249710062";"EPCI";"2";"Y_GE15";"1";"_T";"POP";"A";"";2022;822,144719
"243700499";"EPCI";"2";"Y_GE15";"1";"_T";"POP";"A";"";2022;331,254364
"248400251";"EPCI";"2";"Y_GE15";"1";"_T";"POP";"A";"";2022;4346,891011
"245701354";"EPCI";"2";"Y_GE15";"1";"_T";"POP";"A";"";2022;353,09923
"200018406";"EPCI";"2";"Y_GE15";"1";"_T";"POP";"A";"";2022;780,563312
"200070183";"EPCI";"2";"Y_GE15";"1";"_T";"POP";"A";"";2022;690,331525
"200067916";"EPCI";"2";"Y_GE15";"1";"_T";"POP";"A";"";2022;600,180669
"200069722";"EPCI";"2";"Y_GE15";"1";"_T";"POP";"A";"";2022;469,09653
"240700864";"EPCI";"2";"Y_GE15";"1";"_T";"POP";"A";"";2022;340,338353
"200072056";"EPCI";"2";"Y_GE15";"1";"_T";"POP";"A";"";2022;209,549597
"200066835";"EPCI";"2";"Y_GE15";"1";"_T";"POP";"A";"";2022;571,995898
"200070407";"EPCI";"2";"Y_GE15";"1";"_T";"POP";"A";"";2022;1393,045756
"200049187";"EPCI";"2";"Y_GE15";"1";"_T";"POP";"A";"";2022;1271,477645
"200040830";"EPCI";"2";"Y_GE15";"1";"_T";"POP";"A";"";2022;105,312176
"200023919";"EPCI";"2";"Y_GE15";"1";"_T";"POP";"A";"";2022;269,780113
"249740077";"EPCI";"2";"Y_GE15";"1";"_T";"POP";"A";"";2022;4317,561799
"200070431";"EPCI";"2";"Y_GE15";"1";"_T";"POP";"A";"";2022;863,680524
"200040947";"EPCI";"2";"Y_GE15";"1";"_T";"POP";"A";"";2022;2130,544449
"247000854";"EPCI";"2";"Y_GE15";"1";"_T";"POP";"A";"";2022;110,036464
"242700276";"EPCI";"2";"Y_GE15";"1";"_T";"POP";"A";"";2022;206,293124
"249710047";"EPCI";"2";"Y_GE15";"1";"_T";"POP";"A";"";2022;229
"200041168";"EPCI";"2";"Y_GE15";"1";"_T";"POP";"A";"";2022;291,983761
"200093201";"EPCI";"2";"Y_GE15";"1";"_T";"POP";"A";"";2022;31553,588446
"200073013";"EPCI";"2";"Y_GE15";"1";"_T";"POP";"A";"";2022;402,07559
"200040251";"EPCI";"2";"Y_GE15";"1";"_T";"POP";"A";"";2022;424,407668
"200066173";"EPCI";"2";"Y_GE15";"1";"_T";"POP";"A";"";2022;163,26776
"200036135";"EPCI";"2";"Y_GE15";"1";"_T";"POP";"A";"";2022;613,332479
"243400017";"EPCI";"2";"Y_GE15";"1";"_T";"POP";"A";"";2022;15535,073414
"248719262";"EPCI";"2";"Y_GE15";"1";"_T";"POP";"A";"";2022;84,015155
"244000675";"EPCI";"2";"Y_GE15";"1";"_T";"POP";"A";"";2022;1251,706302
"246000707";"EPCI";"2";"Y_GE15";"1";"_T";"POP";"A";"";2022;284,72249
"200027308";"EPCI";"2";"Y_GE15";"1";"_T";"POP";"A";"";2022;194,354072
"200022986";"EPCI";"2";"Y_GE15";"1";"_T";"POP";"A";"";2022;617,464777
"200069631";"EPCI";"2";"Y_GE15";"1";"_T";"POP";"A";"";2022;178,972717
"200067965";"EPCI";"2";"Y_GE15";"1";"_T";"POP";"A";"";2022;2277,669603
"247300452";"EPCI";"2";"Y_GE15";"1";"_T";"POP";"A";"";2022;479,70469
"241300417";"EPCI";"2";"Y_GE15";"1";"_T";"POP";"A";"";2022;2186,13105
"249730045";"EPCI";"2";"Y_GE15";"1";"_T";"POP";"A";"";2022;2441,174992
"200072098";"EPCI";"2";"Y_GE15";"1";"_T";"POP";"A";"";2022;218,648994
"200040624";"EPCI";"2";"Y_GE15";"1";"_T";"POP";"A";"";2022;666,13715
"200071991";"EPCI";"2";"Y_GE15";"1";"_T";"POP";"A";"";2022;627,112771
"240300491";"EPCI";"2";"Y_GE15";"1";"_T";"POP";"A";"";2022;157,456199
"200083392";"EPCI";"2";"Y_GE15";"1";"_T";"POP";"A";"";2022;3060,479361
"200000800";"EPCI";"2";"Y_GE15";"1";"_T";"POP";"A";"";2022;204,054938
"200072825";"EPCI";"2";"Y_GE15";"1";"_T";"POP";"A";"";2022;195,257112
"200066751";"EPCI";"2";"Y_GE15";"1";"_T";"POP";"A";"";2022;297,784474
"200039865";"EPCI";"2";"Y_GE15";"1";"_T";"POP";"A";"";2022;8189,567412
"200070100";"EPCI";"2";"Y_GE15";"1";"_T";"POP";"A";"";2022;349,721774
"200071926";"EPCI";"2";"Y_GE15";"1";"_T";"POP";"A";"";2022;658,047398
"245804406";"EPCI";"2";"Y_GE15";"1";"_T";"POP";"A";"";2022;1977,332569
"200033868";"EPCI";"2";"Y_GE15";"1";"_T";"POP";"A";"";2022;344,737948
"200069516";"EPCI";"2";"Y_GE15";"1";"_T";"POP";"A";"";2022;178,640527
"200060010";"EPCI";"2";"Y_GE15";"1";"_T";"POP";"A";"";2022;2140,347643
"200066231";"EPCI";"2";"Y_GE15";"1";"_T";"POP";"A";"";2022;944,87021
"200034270";"EPCI";"2";"Y_GE15";"1";"_T";"POP";"A";"";2022;559,636517
"200027548";"EPCI";"2";"Y_GE15";"1";"_T";"POP";"A";"";2022;908,264599
"200068534";"EPCI";"2";"Y_GE15";"1";"_T";"POP";"A";"";2022;450,149227
"200018166";"EPCI";"2";"Y_GE15";"1";"_T";"POP";"A";"";2022;1708,560409
"244100806";"EPCI";"2";"Y_GE15";"1";"_T";"POP";"A";"";2022;238,342832
"200069391";"EPCI";"2";"Y_GE15";"1";"_T";"POP";"A";"";2022;998,701798
"200030435";"EPCI";"2";"Y_GE15";"1";"_T";"POP";"A";"";2022;215,14866
"200071819";"EPCI";"2";"Y_GE15";"1";"_T";"POP";"A";"";2022;306,502861
"200067544";"EPCI";"2";"Y_GE15";"1";"_T";"POP";"A";"";2022;391,891419
"200042992";"EPCI";"2";"Y_GE15";"1";"_T";"POP";"A";"";2022;75,893364
"242300135";"EPCI";"2";"Y_GE15";"1";"_T";"POP";"A";"";2022;246,026102
"243100815";"EPCI";"2";"Y_GE15";"1";"_T";"POP";"A";"";2022;166,684333
"200068880";"EPCI";"2";"Y_GE15";"1";"_T";"POP";"A";"";2022;208,422575
"200017341";"EPCI";"2";"Y_GE15";"1";"_T";"POP";"A";"";2022;516,354501
"200034023";"EPCI";"2";"Y_GE15";"1";"_T";"POP";"A";"";2022;579,180161
"200070928";"EPCI";"2";"Y_GE15";"1";"_T";"POP";"A";"";2022;285,746612
"200067643";"EPCI";"2";"Y_GE15";"1";"_T";"POP";"A";"";2022;264,327055
"200010650";"EPCI";"2";"Y_GE15";"1";"_T";"POP";"A";"";2022;1231,290043
"200033116";"EPCI";"2";"Y_GE15";"1";"_T";"POP";"A";"";2022;1621,971193
"200066561";"EPCI";"2";"Y_GE15";"1";"_T";"POP";"A";"";2022;309,228533
"241800457";"EPCI";"2";"Y_GE15";"1";"_T";"POP";"A";"";2022;170,545242
"243300563";"EPCI";"2";"Y_GE15";"1";"_T";"POP";"A";"";2022;883,781531
"243400488";"EPCI";"2";"Y_GE15";"1";"_T";"POP";"A";"";2022;411,038651
"200040459";"EPCI";"2";"Y_GE15";"1";"_T";"POP";"A";"";2022;1354,657759
"200066017";"EPCI";"2";"Y_GE15";"1";"_T";"POP";"A";"";2022;286,488984
"200069540";"EPCI";"2";"Y_GE15";"1";"_T";"POP";"A";"";2022;123,937009
"243900354";"EPCI";"2";"Y_GE15";"1";"_T";"POP";"A";"";2022;231,35959
"245501242";"EPCI";"2";"Y_GE15";"1";"_T";"POP";"A";"";2022;217,009261
"244701405";"EPCI";"2";"Y_GE15";"1";"_T";"POP";"A";"";2022;124,535207
"241700517";"EPCI";"2";"Y_GE15";"1";"_T";"POP";"A";"";2022;159,838431
"247600620";"EPCI";"2";"Y_GE15";"1";"_T";"POP";"A";"";2022;659,661079
"200065563";"EPCI";"2";"Y_GE15";"1";"_T";"POP";"A";"";2022;628,239759
"200011773";"EPCI";"2";"Y_GE15";"1";"_T";"POP";"A";"";2022;3087,223503
"200068450";"EPCI";"2";"Y_GE15";"1";"_T";"POP";"A";"";2022;1058,716246
"246800445";"EPCI";"2";"Y_GE15";"1";"_T";"POP";"A";"";2022;231,217243
"247200629";"EPCI";"2";"Y_GE15";"1";"_T";"POP";"A";"";2022;263,357247
"244800470";"EPCI";"2";"Y_GE15";"1";"_T";"POP";"A";"";2022;431,50147
"242101442";"EPCI";"2";"Y_GE15";"1";"_T";"POP";"A";"";2022;216,592002
"246500482";"EPCI";"2";"Y_GE15";"1";"_T";"POP";"A";"";2022;536,611169
"200042943";"EPCI";"2";"Y_GE15";"1";"_T";"POP";"A";"";2022;182,419287
"200073260";"EPCI";"2";"Y_GE15";"1";"_T";"POP";"A";"";2022;774,424757
"200041994";"EPCI";"2";"Y_GE15";"1";"_T";"POP";"A";"";2022;625,767387
"200072023";"EPCI";"2";"Y_GE15";"1";"_T";"POP";"A";"";2022;294,907087
"200034064";"EPCI";"2";"Y_GE15";"1";"_T";"POP";"A";"";2022;101,735338
"200044618";"EPCI";"2";"Y_GE15";"1";"_T";"POP";"A";"";2022;2649,004376
"200069102";"EPCI";"2";"Y_GE15";"1";"_T";"POP";"A";"";2022;169,522413
"200067635";"EPCI";"2";"Y_GE15";"1";"_T";"POP";"A";"";2022;707,821918
"245901152";"EPCI";"2";"Y_GE15";"1";"_T";"POP";"A";"";2022;954,661851
"245100615";"EPCI";"2";"Y_GE15";"1";"_T";"POP";"A";"";2022;413,63216
"248500415";"EPCI";"2";"Y_GE15";"1";"_T";"POP";"A";"";2022;311,685189
"200067825";"EPCI";"2";"Y_GE15";"1";"_T";"POP";"A";"";2022;2780,710516
"242900751";"EPCI";"2";"Y_GE15";"1";"_T";"POP";"A";"";2022;586,005488
"245400759";"EPCI";"2";"Y_GE15";"1";"_T";"POP";"A";"";2022;75,331816
"242900835";"EPCI";"2";"Y_GE15";"1";"_T";"POP";"A";"";2022;1215,458699
"241501139";"EPCI";"2";"Y_GE15";"1";"_T";"POP";"A";"";2022;234,009212
"200038958";"EPCI";"2";"Y_GE15";"1";"_T";"POP";"A";"";2022;176,435508
"200034635";"EPCI";"2";"Y_GE15";"1";"_T";"POP";"A";"";2022;270,290366
"200070316";"EPCI";"2";"Y_GE15";"1";"_T";"POP";"A";"";2022;521,605742
"200049484";"EPCI";"2";"Y_GE15";"1";"_T";"POP";"A";"";2022;216,699611
"200059228";"EPCI";"2";"Y_GE15";"1";"_T";"POP";"A";"";2022;6743,032209
"200068047";"EPCI";"2";"Y_GE15";"1";"_T";"POP";"A";"";2022;2068,120842
"245700950";"EPCI";"2";"Y_GE15";"1";"_T";"POP";"A";"";2022;329,391392
"249100595";"EPCI";"2";"Y_GE15";"1";"_T";"POP";"A";"";2022;847,71581
"244200614";"EPCI";"2";"Y_GE15";"1";"_T";"POP";"A";"";2022;98,379079
"249740101";"EPCI";"2";"Y_GE15";"1";"_T";"POP";"A";"";2022;4180,807507
"247300676";"EPCI";"2";"Y_GE15";"1";"_T";"POP";"A";"";2022;129,657916
"200070746";"EPCI";"2";"Y_GE15";"1";"_T";"POP";"A";"";2022;1273,638082
"200069581";"EPCI";"2";"Y_GE15";"1";"_T";"POP";"A";"";2022;317,450736
"200066827";"EPCI";"2";"Y_GE15";"1";"_T";"POP";"A";"";2022;636,034525
"200067288";"EPCI";"2";"Y_GE15";"1";"_T";"POP";"A";"";2022;401,964657
"245700398";"EPCI";"2";"Y_GE15";"1";"_T";"POP";"A";"";2022;428,015623
"245701164";"EPCI";"2";"Y_GE15";"1";"_T";"POP";"A";"";2022;223,349867
"247200421";"EPCI";"2";"Y_GE15";"1";"_T";"POP";"A";"";2022;129,492896
"248200016";"EPCI";"2";"Y_GE15";"1";"_T";"POP";"A";"";2022;347,332536
"244000691";"EPCI";"2";"Y_GE15";"1";"_T";"POP";"A";"";2022;119,973755
"244000808";"EPCI";"2";"Y_GE15";"1";"_T";"POP";"A";"";2022;1409,260172
"242504116";"EPCI";"2";"Y_GE15";"1";"_T";"POP";"A";"";2022;685,181729
"243700754";"EPCI";"2";"Y_GE15";"1";"_T";"POP";"A";"";2022;9428,067381
"200018521";"EPCI";"2";"Y_GE15";"1";"_T";"POP";"A";"";2022;75,812328
"200067502";"EPCI";"2";"Y_GE15";"1";"_T";"POP";"A";"";2022;999,080667
"240600593";"EPCI";"2";"Y_GE15";"1";"_T";"POP";"A";"";2022;311,580528
"200071587";"EPCI";"2";"Y_GE15";"1";"_T";"POP";"A";"";2022;1019,257217
"200068914";"EPCI";"2";"Y_GE15";"1";"_T";"POP";"A";"";2022;222,517612
"200073419";"EPCI";"2";"Y_GE15";"1";"_T";"POP";"A";"";2022;3303,055784
"200042190";"EPCI";"2";"Y_GE15";"1";"_T";"POP";"A";"";2022;2474,238157
"200070035";"EPCI";"2";"Y_GE15";"1";"_T";"POP";"A";"";2022;409,715691
"200066140";"EPCI";"2";"Y_GE15";"1";"_T";"POP";"A";"";2022;139,017653
"200070068";"EPCI";"2";"Y_GE15";"1";"_T";"POP";"A";"";2022;540,845985
"243200508";"EPCI";"2";"Y_GE15";"1";"_T";"POP";"A";"";2022;139,386579
"248300394";"EPCI";"2";"Y_GE15";"1";"_T";"POP";"A";"";2022;1319,64424
"247000706";"EPCI";"2";"Y_GE15";"1";"_T";"POP";"A";"";2022;140,670744
"244100780";"EPCI";"2";"Y_GE15";"1";"_T";"POP";"A";"";2022;164,044065
"245901160";"EPCI";"2";"Y_GE15";"1";"_T";"POP";"A";"";2022;4603,498983
"245901038";"EPCI";"2";"Y_GE15";"1";"_T";"POP";"A";"";2022;279,480856
"244200630";"EPCI";"2";"Y_GE15";"1";"_T";"POP";"A";"";2022;250,18352
"200067841";"EPCI";"2";"Y_GE15";"1";"_T";"POP";"A";"";2022;538,821167
"200039063";"EPCI";"2";"Y_GE15";"1";"_T";"POP";"A";"";2022;104,335493
"200072726";"EPCI";"2";"Y_GE15";"1";"_T";"POP";"A";"";2022;806,758307
"200068369";"EPCI";"2";"Y_GE15";"1";"_T";"POP";"A";"";2022;486,191024
"246800676";"EPCI";"2";"Y_GE15";"1";"_T";"POP";"A";"";2022;283,025662
"248600447";"EPCI";"2";"Y_GE15";"1";"_T";"POP";"A";"";2022;419,848
"247200348";"EPCI";"2";"Y_GE15";"1";"_T";"POP";"A";"";2022;535,745031
"200000438";"EPCI";"2";"Y_GE15";"1";"_T";"POP";"A";"";2022;331,544899
"200042729";"EPCI";"2";"Y_GE15";"1";"_T";"POP";"A";"";2022;509,740846
"200068567";"EPCI";"2";"Y_GE15";"1";"_T";"POP";"A";"";2022;960,765591
"200071934";"EPCI";"2";"Y_GE15";"1";"_T";"POP";"A";"";2022;564,467914
"200067080";"EPCI";"2";"Y_GE15";"1";"_T";"POP";"A";"";2022;500,469013
"200035848";"EPCI";"2";"Y_GE15";"1";"_T";"POP";"A";"";2022;134,489524
"200072544";"EPCI";"2";"Y_GE15";"1";"_T";"POP";"A";"";2022;360,576963
"200067551";"EPCI";"2";"Y_GE15";"1";"_T";"POP";"A";"";2022;2713,309268
"245701271";"EPCI";"2";"Y_GE15";"1";"_T";"POP";"A";"";2022;700,222368
"243301405";"EPCI";"2";"Y_GE15";"1";"_T";"POP";"A";"";2022;155,536566
"245300355";"EPCI";"2";"Y_GE15";"1";"_T";"POP";"A";"";2022;346,273755
"243200458";"EPCI";"2";"Y_GE15";"1";"_T";"POP";"A";"";2022;299,056042
"248900334";"EPCI";"2";"Y_GE15";"1";"_T";"POP";"A";"";2022;1767,696122
"244000865";"EPCI";"2";"Y_GE15";"1";"_T";"POP";"A";"";2022;776,246709
"248500530";"EPCI";"2";"Y_GE15";"1";"_T";"POP";"A";"";2022;226,049128
"240800847";"EPCI";"2";"Y_GE15";"1";"_T";"POP";"A";"";2022;404,475936
"241300375";"EPCI";"2";"Y_GE15";"1";"_T";"POP";"A";"";2022;629,298419
"249100546";"EPCI";"2";"Y_GE15";"1";"_T";"POP";"A";"";2022;960,277511
"249100074";"EPCI";"2";"Y_GE15";"1";"_T";"POP";"A";"";2022;360,127334
"200015162";"EPCI";"2";"Y_GE15";"1";"_T";"POP";"A";"";2022;163,086908
"200044048";"EPCI";"2";"Y_GE15";"1";"_T";"POP";"A";"";2022;584,871288
"200043776";"EPCI";"2";"Y_GE15";"1";"_T";"POP";"A";"";2022;397,198116
"200035855";"EPCI";"2";"Y_GE15";"1";"_T";"POP";"A";"";2022;613,956208
"200070811";"EPCI";"2";"Y_GE15";"1";"_T";"POP";"A";"";2022;669,902096
"243200425";"EPCI";"2";"Y_GE15";"1";"_T";"POP";"A";"";2022;230,14721
"243900560";"EPCI";"2";"Y_GE15";"1";"_T";"POP";"A";"";2022;131,744952
"247400740";"EPCI";"2";"Y_GE15";"1";"_T";"POP";"A";"";2022;728,994399
"242900694";"EPCI";"2";"Y_GE15";"1";"_T";"POP";"A";"";2022;761,941883
"247300361";"EPCI";"2";"Y_GE15";"1";"_T";"POP";"A";"";2022;214,469388
"200037059";"EPCI";"2";"Y_GE15";"1";"_T";"POP";"A";"";2022;569,273373
"200071546";"EPCI";"2";"Y_GE15";"1";"_T";"POP";"A";"";2022;357,346717
"200035863";"EPCI";"2";"Y_GE15";"1";"_T";"POP";"A";"";2022;587,764695
"246000756";"EPCI";"2";"Y_GE15";"1";"_T";"POP";"A";"";2022;616,165171
"241500271";"EPCI";"2";"Y_GE15";"1";"_T";"POP";"A";"";2022;272,775651
"243800935";"EPCI";"2";"Y_GE15";"1";"_T";"POP";"A";"";2022;402,329775
"200013050";"EPCI";"2";"Y_GE15";"1";"_T";"POP";"A";"";2022;255,895066
"200071082";"EPCI";"2";"Y_GE15";"1";"_T";"POP";"A";"";2022;1380,089834
"200072015";"EPCI";"2";"Y_GE15";"1";"_T";"POP";"A";"";2022;994,396868
"249730037";"EPCI";"2";"Y_GE15";"1";"_T";"POP";"A";"";2022;2274,945703
"246800585";"EPCI";"2";"Y_GE15";"1";"_T";"POP";"A";"";2022;437,125297
"242900314";"EPCI";"2";"Y_GE15";"1";"_T";"POP";"A";"";2022;6571,804499
"245400510";"EPCI";"2";"Y_GE15";"1";"_T";"POP";"A";"";2022;240,874275
"200042646";"EPCI";"2";"Y_GE15";"1";"_T";"POP";"A";"";2022;580,917201
"200067700";"EPCI";"2";"Y_GE15";"1";"_T";"POP";"A";"";2022;452,919064
"200072064";"EPCI";"2";"Y_GE15";"1";"_T";"POP";"A";"";2022;722,662662
"247700107";"EPCI";"2";"Y_GE15";"1";"_T";"POP";"A";"";2022;1057,340557
"247200447";"EPCI";"2";"Y_GE15";"1";"_T";"POP";"A";"";2022;157,972593
"245614383";"EPCI";"2";"Y_GE15";"1";"_T";"POP";"A";"";2022;307,296694
"246900757";"EPCI";"2";"Y_GE15";"1";"_T";"POP";"A";"";2022;489,694516
"200023778";"EPCI";"2";"Y_GE15";"1";"_T";"POP";"A";"";2022;528,18466
"200067163";"EPCI";"2";"Y_GE15";"1";"_T";"POP";"A";"";2022;289,94257
"200071017";"EPCI";"2";"Y_GE15";"1";"_T";"POP";"A";"";2022;568,012572
"200070530";"EPCI";"2";"Y_GE15";"1";"_T";"POP";"A";"";2022;1149,82996
"200065928";"EPCI";"2";"Y_GE15";"1";"_T";"POP";"A";"";2022;1466,371546
"200042463";"EPCI";"2";"Y_GE15";"1";"_T";"POP";"A";"";2022;121,842548
"247000722";"EPCI";"2";"Y_GE15";"1";"_T";"POP";"A";"";2022;307,692425
"240900464";"EPCI";"2";"Y_GE15";"1";"_T";"POP";"A";"";2022;333,357533
"200046977";"EPCI";"2";"Y_GE15";"1";"_T";"POP";"A";"";2022;58497,88938
"240200592";"EPCI";"2";"Y_GE15";"1";"_T";"POP";"A";"";2022;72,649388
"200071066";"EPCI";"2";"Y_GE15";"1";"_T";"POP";"A";"";2022;1628,499831
"247400690";"EPCI";"2";"Y_GE15";"1";"_T";"POP";"A";"";2022;1245,48163
"200066223";"EPCI";"2";"Y_GE15";"1";"_T";"POP";"A";"";2022;259,372785
"200069383";"EPCI";"2";"Y_GE15";"1";"_T";"POP";"A";"";2022;711,190496
"200000545";"EPCI";"2";"Y_GE15";"1";"_T";"POP";"A";"";2022;448,404621
"200072106";"EPCI";"2";"Y_GE15";"1";"_T";"POP";"A";"";2022;376,299318
"200043990";"EPCI";"2";"Y_GE15";"1";"_T";"POP";"A";"";2022;490,696949
"249710070";"EPCI";"2";"Y_GE15";"1";"_T";"POP";"A";"";2022;1629,992504
"246700959";"EPCI";"2";"Y_GE15";"1";"_T";"POP";"A";"";2022;245,42354
"243000270";"EPCI";"2";"Y_GE15";"1";"_T";"POP";"A";"";2022;345,676783
"200066710";"EPCI";"2";"Y_GE15";"1";"_T";"POP";"A";"";2022;253,61745
"200016905";"EPCI";"2";"Y_GE15";"1";"_T";"POP";"A";"";2022;182,628126
"200044691";"EPCI";"2";"Y_GE15";"1";"_T";"POP";"A";"";2022;617,526386
"200067890";"EPCI";"2";"Y_GE15";"1";"_T";"POP";"A";"";2022;377,704208
"200058782";"EPCI";"2";"Y_GE15";"1";"_T";"POP";"A";"";2022;6111,130443
"246800395";"EPCI";"2";"Y_GE15";"1";"_T";"POP";"A";"";2022;377,00222
"200067783";"EPCI";"2";"Y_GE15";"1";"_T";"POP";"A";"";2022;560,930318
"200039204";"EPCI";"2";"Y_GE15";"1";"_T";"POP";"A";"";2022;790,545591
"200072635";"EPCI";"2";"Y_GE15";"1";"_T";"POP";"A";"";2022;412,901154
"246000913";"EPCI";"2";"Y_GE15";"1";"_T";"POP";"A";"";2022;190,749869
"200039915";"EPCI";"2";"Y_GE15";"1";"_T";"POP";"A";"";2022;5450,715026
"200041887";"EPCI";"2";"Y_GE15";"1";"_T";"POP";"A";"";2022;162,349338
"200043982";"EPCI";"2";"Y_GE15";"1";"_T";"POP";"A";"";2022;281,612981
"200043974";"EPCI";"2";"Y_GE15";"1";"_T";"POP";"A";"";2022;601,824548
"200034692";"EPCI";"2";"Y_GE15";"1";"_T";"POP";"A";"";2022;1378,821356
"245400189";"EPCI";"2";"Y_GE15";"1";"_T";"POP";"A";"";2022;535,718946
"200070951";"EPCI";"2";"Y_GE15";"1";"_T";"POP";"A";"";2022;545,749819
"200067668";"EPCI";"2";"Y_GE15";"1";"_T";"POP";"A";"";2022;206,727722
"200069003";"EPCI";"2";"Y_GE15";"1";"_T";"POP";"A";"";2022;491,284586
"242320109";"EPCI";"2";"Y_GE15";"1";"_T";"POP";"A";"";2022;97,040389
"248400335";"EPCI";"2";"Y_GE15";"1";"_T";"POP";"A";"";2022;433,098127
"241600303";"EPCI";"2";"Y_GE15";"1";"_T";"POP";"A";"";2022;130,848745
"246701098";"EPCI";"2";"Y_GE15";"1";"_T";"POP";"A";"";2022;525,192043
"242101491";"EPCI";"2";"Y_GE15";"1";"_T";"POP";"A";"";2022;341,887264
"200072676";"EPCI";"2";"Y_GE15";"1";"_T";"POP";"A";"";2022;566,911874
"200073104";"EPCI";"2";"Y_GE15";"1";"_T";"POP";"A";"";2022;363,68172
"200042414";"EPCI";"2";"Y_GE15";"1";"_T";"POP";"A";"";2022;102,188136
"200070969";"EPCI";"2";"Y_GE15";"1";"_T";"POP";"A";"";2022;301,568505
"246000871";"EPCI";"2";"Y_GE15";"1";"_T";"POP";"A";"";2022;1008,696004
"246700967";"EPCI";"2";"Y_GE15";"1";"_T";"POP";"A";"";2022;1012,362453
"247400047";"EPCI";"2";"Y_GE15";"1";"_T";"POP";"A";"";2022;129,404768
"241700699";"EPCI";"2";"Y_GE15";"1";"_T";"POP";"A";"";2022;261,434525
"241500255";"EPCI";"2";"Y_GE15";"1";"_T";"POP";"A";"";2022;280,868044
"200071678";"EPCI";"2";"Y_GE15";"1";"_T";"POP";"A";"";2022;2467,197236
"200066660";"EPCI";"2";"Y_GE15";"1";"_T";"POP";"A";"";2022;1038,35183
"200072478";"EPCI";"2";"Y_GE15";"1";"_T";"POP";"A";"";2022;365,550929
"200070118";"EPCI";"2";"Y_GE15";"1";"_T";"POP";"A";"";2022;244,817827
"200073237";"EPCI";"2";"Y_GE15";"1";"_T";"POP";"A";"";2022;226,914168
"200096683";"EPCI";"2";"Y_GE15";"1";"_T";"POP";"A";"";2022;455,825843
"246000772";"EPCI";"2";"Y_GE15";"1";"_T";"POP";"A";"";2022;263,151403
"200066793";"EPCI";"2";"Y_GE15";"1";"_T";"POP";"A";"";2022;6917,883771
"200023075";"EPCI";"2";"Y_GE15";"1";"_T";"POP";"A";"";2022;428,185347
"200066348";"EPCI";"2";"Y_GE15";"1";"_T";"POP";"A";"";2022;364,870337
"200070936";"EPCI";"2";"Y_GE15";"1";"_T";"POP";"A";"";2022;569,330579
"241700632";"EPCI";"2";"Y_GE15";"1";"_T";"POP";"A";"";2022;124,535281
"247900798";"EPCI";"2";"Y_GE15";"1";"_T";"POP";"A";"";2022;605,178364
"246100663";"EPCI";"2";"Y_GE15";"1";"_T";"POP";"A";"";2022;1715,581432
"243301454";"EPCI";"2";"Y_GE15";"1";"_T";"POP";"A";"";2022;287,252442
"248500464";"EPCI";"2";"Y_GE15";"1";"_T";"POP";"A";"";2022;376,153946
"200043081";"EPCI";"2";"Y_GE15";"1";"_T";"POP";"A";"";2022;431,673932
"200071298";"EPCI";"2";"Y_GE15";"1";"_T";"POP";"A";"";2022;537,065816
"244400610";"EPCI";"2";"Y_GE15";"1";"_T";"POP";"A";"";2022;1069,770658
"248900748";"EPCI";"2";"Y_GE15";"1";"_T";"POP";"A";"";2022;172,386147
"200071918";"EPCI";"2";"Y_GE15";"1";"_T";"POP";"A";"";2022;426,230237
"200068278";"EPCI";"2";"Y_GE15";"1";"_T";"POP";"A";"";2022;266,381793
"200023620";"EPCI";"2";"Y_GE15";"1";"_T";"POP";"A";"";2022;254,736318
"200066363";"EPCI";"2";"Y_GE15";"1";"_T";"POP";"A";"";2022;393,392116
"200071496";"EPCI";"2";"Y_GE15";"1";"_T";"POP";"A";"";2022;292,928434
"200058519";"EPCI";"2";"Y_GE15";"1";"_T";"POP";"A";"";2022;7876,268683
"33056";"COM";"2";"Y_GE15";"1";"_T";"POP";"A";"";2022;190,304626
"33063";"COM";"2";"Y_GE15";"1";"_T";"POP";"A";"";2022;14268,63685
"33167";"COM";"2";"Y_GE15";"1";"_T";"POP";"A";"";2022;240,518952
"33039";"COM";"2";"Y_GE15";"1";"_T";"POP";"A";"";2022;544,650868
"33550";"COM";"2";"Y_GE15";"1";"_T";"POP";"A";"";2022;350,121925
"33003";"COM";"2";"Y_GE15";"1";"_T";"POP";"A";"";2022;88,100676
"33522";"COM";"2";"Y_GE15";"1";"_T";"POP";"A";"";2022;1202,699331
"33449";"COM";"2";"Y_GE15";"1";"_T";"POP";"A";"";2022;236,33234
"33192";"COM";"2";"Y_GE15";"1";"_T";"POP";"A";"";2022;316,149481
"33075";"COM";"2";"Y_GE15";"1";"_T";"POP";"A";"";2022;262,823726
"33069";"COM";"2";"Y_GE15";"1";"_T";"POP";"A";"";2022;497,939173
"33249";"COM";"2";"Y_GE15";"1";"_T";"POP";"A";"";2022;445,931439
"33162";"COM";"2";"Y_GE15";"1";"_T";"POP";"A";"";2022;174,487658
"33281";"COM";"2";"Y_GE15";"1";"_T";"POP";"A";"";2022;1314,742797
"33318";"COM";"2";"Y_GE15";"1";"_T";"POP";"A";"";2022;844,525459
"33119";"COM";"2";"Y_GE15";"1";"_T";"POP";"A";"";2022;441,089883
"33200";"COM";"2";"Y_GE15";"1";"_T";"POP";"A";"";2022;146,734661
"33096";"COM";"2";"Y_GE15";"1";"_T";"POP";"A";"";2022;88,981974
"33519";"COM";"2";"Y_GE15";"1";"_T";"POP";"A";"";2022;61,972796
"33013";"COM";"2";"Y_GE15";"1";"_T";"POP";"A";"";2022;55,572773
"33376";"COM";"2";"Y_GE15";"1";"_T";"POP";"A";"";2022;30,906772
"33273";"COM";"2";"Y_GE15";"1";"_T";"POP";"A";"";2022;127
"33065";"COM";"2";"Y_GE15";"1";"_T";"POP";"A";"";2022;151,794944
"33487";"COM";"2";"Y_GE15";"1";"_T";"POP";"A";"";2022;5
"33004";"COM";"2";"Y_GE15";"1";"_T";"POP";"A";"";2022;30
"33434";"COM";"2";"Y_GE15";"1";"_T";"POP";"A";"";2022;11,239341
"33032";"COM";"2";"Y_GE15";"1";"_T";"POP";"A";"";2022;103,963042
